player_id,affiliate_id,reg_date,country,Bonus,Deposit,Withdrawal,NGR,affiliate_name,commission_model
1000,105,2025-01-30,UK,713.1,0.0,125.22,-838.32,Telegram_Signals,CPA
1001,102,2025-01-12,IN,834.21,338.95,1277.33,-1772.59,Twitch_Influencer,RevShare
1002,102,2025-01-10,IN,379.37,49.7,241.05,-570.72,Twitch_Influencer,RevShare
1003,102,2025-01-26,NG,330.94,321.18,887.36,-897.1200000000001,Twitch_Influencer,RevShare
1004,105,2025-01-31,UK,95.56,265.84,221.63,-51.35000000000002,Telegram_Signals,CPA
1005,101,2025-01-16,BR,910.66,493.13,1079.77,-1497.3,Google_Ads,CPA
1006,106,2025-01-31,NG,0.0,0.0,6.81,-6.81,Bonus_Hunter_Site,RevShare
1007,103,2025-01-05,NG,830.93,237.3,19.31,-612.9399999999999,SEO_Blog_Casino,CPA
1008,106,2025-01-20,IN,73.27,14.5,0.0,-58.769999999999996,Bonus_Hunter_Site,RevShare
1009,105,2025-01-12,UK,1285.33,646.69,108.88,-747.5199999999999,Telegram_Signals,CPA
1010,104,2025-01-28,BR,357.47,335.44,936.38,-958.4100000000001,Facebook_Alpha,Hybrid
1011,102,2025-01-05,NG,1829.5,257.5,492.25,-2064.25,Twitch_Influencer,RevShare
1012,106,2025-01-30,BR,0.0,0.0,7.52,-7.52,Bonus_Hunter_Site,RevShare
1013,105,2025-01-29,BR,0.0,161.22,1947.08,-1785.86,Telegram_Signals,CPA
1014,106,2025-01-14,NG,265.41999999999996,16.13,12.55,-261.84,Bonus_Hunter_Site,RevShare
1015,104,2025-01-09,BR,1131.1,611.49,404.84999999999997,-924.4599999999998,Facebook_Alpha,Hybrid
1016,103,2025-01-01,UK,314.43,672.26,0.0,357.83,SEO_Blog_Casino,CPA
1017,106,2025-01-06,NG,0.0,11.71,0.0,11.71,Bonus_Hunter_Site,RevShare
1018,101,2025-01-01,BR,756.76,623.92,120.36,-253.20000000000005,Google_Ads,CPA
1019,104,2025-01-07,UK,420.04999999999995,1021.48,776.63,-175.19999999999993,Facebook_Alpha,Hybrid
1020,102,2025-01-18,UK,1170.93,207.45,0.0,-963.48,Twitch_Influencer,RevShare
1021,105,2025-01-15,UK,0.0,0.0,31.59,-31.59,Telegram_Signals,CPA
1022,101,2025-01-14,IN,0.0,184.47,922.29,-737.8199999999999,Google_Ads,CPA
1023,106,2025-01-26,IN,0.0,8.82,0.0,8.82,Bonus_Hunter_Site,RevShare
1024,106,2025-01-29,NG,159.92000000000002,0.0,0.0,-159.92000000000002,Bonus_Hunter_Site,RevShare
1025,102,2025-01-08,IN,221.08999999999997,11.79,860.6700000000001,-1069.97,Twitch_Influencer,RevShare
1026,103,2025-01-04,UK,508.20000000000005,0.0,641.18,-1149.38,SEO_Blog_Casino,CPA
1027,102,2025-01-04,BR,453.56,1460.53,251.41,755.56,Twitch_Influencer,RevShare
1028,101,2025-01-01,IN,955.3399999999999,838.23,576.9300000000001,-694.04,Google_Ads,CPA
1029,106,2025-01-27,NG,149.88,15.760000000000002,8.7,-142.82,Bonus_Hunter_Site,RevShare
1030,103,2025-01-02,NG,268.33,393.27,230.85,-105.91,SEO_Blog_Casino,CPA
1031,105,2025-01-15,BR,297.82,662.51,1196.54,-831.8499999999999,Telegram_Signals,CPA
1032,102,2025-01-28,NG,504.81,543.36,1444.79,-1406.24,Twitch_Influencer,RevShare
1033,105,2025-01-29,BR,343.41999999999996,1007.16,477.06,186.67999999999995,Telegram_Signals,CPA
1034,103,2025-01-15,UK,300.7,629.02,1371.41,-1043.0900000000001,SEO_Blog_Casino,CPA
1035,106,2025-01-24,IN,148.37,0.0,24.2,-172.57,Bonus_Hunter_Site,RevShare
1036,101,2025-01-30,BR,940.5699999999999,0.0,492.93,-1433.5,Google_Ads,CPA
1037,101,2025-01-09,UK,787.8,173.23,847.0799999999999,-1461.6499999999999,Google_Ads,CPA
1038,106,2025-01-24,BR,97.81,14.969999999999999,14.24,-97.08,Bonus_Hunter_Site,RevShare
1039,101,2025-01-05,UK,580.46,0.0,0.0,-580.46,Google_Ads,CPA
1040,106,2025-01-09,IN,271.09,9.56,8.26,-269.78999999999996,Bonus_Hunter_Site,RevShare
1041,104,2025-01-21,IN,132.26,0.0,1239.62,-1371.8799999999999,Facebook_Alpha,Hybrid
1042,106,2025-01-31,UK,252.26999999999998,28.09,22.560000000000002,-246.73999999999998,Bonus_Hunter_Site,RevShare
1043,101,2025-01-26,NG,448.27,127.23,293.94,-614.98,Google_Ads,CPA
1044,105,2025-01-15,NG,905.45,894.04,0.0,-11.410000000000082,Telegram_Signals,CPA
1045,102,2025-01-29,IN,0.0,1075.98,2313.55,-1237.5700000000002,Twitch_Influencer,RevShare
1046,101,2025-01-31,NG,486.01,463.83,620.6800000000001,-642.8600000000001,Google_Ads,CPA
1047,106,2025-01-19,UK,191.47,5.52,13.07,-199.02,Bonus_Hunter_Site,RevShare
1048,104,2025-01-19,NG,402.59,297.57,0.0,-105.01999999999998,Facebook_Alpha,Hybrid
1049,104,2025-01-18,UK,803.29,191.46,1044.0900000000001,-1655.92,Facebook_Alpha,Hybrid
1050,104,2025-01-21,BR,960.0699999999999,991.22,0.0,31.15000000000009,Facebook_Alpha,Hybrid
1051,102,2025-01-24,NG,68.3,557.58,443.73,45.550000000000026,Twitch_Influencer,RevShare
1052,105,2025-01-13,NG,498.77,426.63,0.0,-72.13999999999999,Telegram_Signals,CPA
1053,102,2025-01-13,BR,100.61,0.0,1063.34,-1163.9499999999998,Twitch_Influencer,RevShare
1054,106,2025-01-13,NG,0.0,31.33,22.05,9.279999999999998,Bonus_Hunter_Site,RevShare
1055,103,2025-01-18,UK,1310.43,0.0,197.18,-1507.6100000000001,SEO_Blog_Casino,CPA
1056,105,2025-01-15,UK,25.72,0.0,0.0,-25.72,Telegram_Signals,CPA
1057,101,2025-01-06,BR,92.91,1870.78,0.0,1777.87,Google_Ads,CPA
1058,106,2025-01-05,BR,92.13,35.23,23.92,-80.82,Bonus_Hunter_Site,RevShare
1059,106,2025-01-13,BR,168.99,30.3,9.83,-148.52,Bonus_Hunter_Site,RevShare
1060,101,2025-01-23,BR,1130.87,343.03,428.5,-1216.34,Google_Ads,CPA
1061,104,2025-01-22,NG,358.55,838.27,935.4,-455.68,Facebook_Alpha,Hybrid
1062,103,2025-01-26,UK,305.27,0.0,120.24,-425.51,SEO_Blog_Casino,CPA
1063,101,2025-01-28,IN,0.0,409.04,452.53000000000003,-43.49000000000001,Google_Ads,CPA
1064,102,2025-01-07,NG,469.83,0.0,0.0,-469.83,Twitch_Influencer,RevShare
1065,104,2025-01-28,BR,0.0,0.0,491.24,-491.24,Facebook_Alpha,Hybrid
1066,106,2025-01-12,NG,166.55,19.8,7.58,-154.33,Bonus_Hunter_Site,RevShare
1067,102,2025-01-13,NG,0.0,673.53,0.0,673.53,Twitch_Influencer,RevShare
1068,103,2025-01-24,NG,667.91,671.61,660.72,-657.02,SEO_Blog_Casino,CPA
1069,102,2025-01-03,IN,248.67,683.11,94.81,339.63,Twitch_Influencer,RevShare
1070,102,2025-01-09,IN,431.36,729.4,280.62,17.41999999999996,Twitch_Influencer,RevShare
1071,105,2025-01-15,NG,348.75,1152.65,894.35,-90.44999999999993,Telegram_Signals,CPA
1072,105,2025-01-18,IN,322.81,0.0,0.0,-322.81,Telegram_Signals,CPA
1073,103,2025-01-05,IN,70.55,392.8,1319.77,-997.52,SEO_Blog_Casino,CPA
1074,105,2025-01-10,NG,943.52,250.16,446.67,-1140.03,Telegram_Signals,CPA
1075,106,2025-01-15,IN,54.2,8.1,6.61,-52.71,Bonus_Hunter_Site,RevShare
1076,103,2025-01-10,BR,589.93,0.0,308.27,-898.1999999999999,SEO_Blog_Casino,CPA
1077,102,2025-01-24,BR,336.71,364.37,333.2,-305.53999999999996,Twitch_Influencer,RevShare
1078,101,2025-01-25,IN,498.24,839.37,772.65,-431.52,Google_Ads,CPA
1079,102,2025-01-23,UK,964.96,0.0,675.2,-1640.16,Twitch_Influencer,RevShare
1080,102,2025-01-05,BR,508.56,1150.56,549.03,92.96999999999997,Twitch_Influencer,RevShare
1081,106,2025-01-20,IN,326.15999999999997,12.43,29.27,-342.99999999999994,Bonus_Hunter_Site,RevShare
1082,105,2025-01-15,BR,31.34,303.46,630.75,-358.63,Telegram_Signals,CPA
1083,102,2025-01-19,BR,390.79,421.27,503.08,-472.6,Twitch_Influencer,RevShare
1084,103,2025-01-13,UK,10.41,473.90999999999997,753.8399999999999,-290.34,SEO_Blog_Casino,CPA
1085,103,2025-01-02,IN,1333.5900000000001,85.16,831.5699999999999,-2080.0,SEO_Blog_Casino,CPA
1086,106,2025-01-02,UK,343.86,20.7,13.94,-337.1,Bonus_Hunter_Site,RevShare
1087,106,2025-01-19,IN,105.53999999999999,11.41,16.419999999999998,-110.54999999999998,Bonus_Hunter_Site,RevShare
1088,102,2025-01-07,BR,0.0,312.27,328.8,-16.53000000000003,Twitch_Influencer,RevShare
1089,104,2025-01-11,IN,246.14,488.07,315.53,-73.59999999999997,Facebook_Alpha,Hybrid
1090,106,2025-01-19,IN,139.62,0.0,6.09,-145.71,Bonus_Hunter_Site,RevShare
1091,104,2025-01-27,NG,269.44,991.55,323.93,398.1799999999999,Facebook_Alpha,Hybrid
1092,104,2025-01-14,NG,0.0,331.51,0.0,331.51,Facebook_Alpha,Hybrid
1093,102,2025-01-06,NG,228.75,129.12,417.11,-516.74,Twitch_Influencer,RevShare
1094,104,2025-01-19,NG,973.56,557.88,863.91,-1279.59,Facebook_Alpha,Hybrid
1095,105,2025-01-17,IN,908.59,125.6,1154.31,-1937.3000000000002,Telegram_Signals,CPA
1096,105,2025-01-27,NG,675.73,324.32,569.63,-921.04,Telegram_Signals,CPA
1097,105,2025-01-22,IN,60.36,0.0,0.0,-60.36,Telegram_Signals,CPA
1098,101,2025-01-24,NG,0.0,306.26,201.29,104.97,Google_Ads,CPA
1099,101,2025-01-04,BR,556.8199999999999,1667.2,247.01,863.3700000000001,Google_Ads,CPA
1100,104,2025-01-27,BR,659.34,757.42,354.38,-256.30000000000007,Facebook_Alpha,Hybrid
1101,105,2025-01-02,IN,75.61,471.62,1092.23,-696.22,Telegram_Signals,CPA
1102,104,2025-01-23,IN,749.78,543.59,131.35000000000002,-337.53999999999996,Facebook_Alpha,Hybrid
1103,101,2025-01-13,IN,310.07,802.65,462.02,30.560000000000002,Google_Ads,CPA
1104,104,2025-01-28,UK,738.4200000000001,694.35,698.41,-742.48,Facebook_Alpha,Hybrid
1105,103,2025-01-26,BR,0.0,0.0,268.28,-268.28,SEO_Blog_Casino,CPA
1106,105,2025-01-03,IN,1066.98,1306.46,677.05,-437.56999999999994,Telegram_Signals,CPA
1107,101,2025-01-18,NG,463.85,902.6600000000001,673.3299999999999,-234.51999999999987,Google_Ads,CPA
1108,104,2025-01-31,IN,115.52,426.71000000000004,824.03,-512.8399999999999,Facebook_Alpha,Hybrid
1109,105,2025-01-15,UK,668.02,255.6,146.74,-559.16,Telegram_Signals,CPA
1110,105,2025-01-15,IN,788.74,345.08000000000004,1083.6599999999999,-1527.3199999999997,Telegram_Signals,CPA
1111,105,2025-01-15,BR,318.05,0.0,0.0,-318.05,Telegram_Signals,CPA
1112,101,2025-01-19,NG,0.0,661.04,0.0,661.04,Google_Ads,CPA
1113,102,2025-01-19,NG,0.0,312.52,0.0,312.52,Twitch_Influencer,RevShare
1114,103,2025-01-24,NG,141.1,0.0,787.43,-928.53,SEO_Blog_Casino,CPA
1115,105,2025-01-03,IN,913.3,243.95,770.46,-1439.81,Telegram_Signals,CPA
1116,106,2025-01-29,NG,64.08,7.41,6.99,-63.66,Bonus_Hunter_Site,RevShare
1117,104,2025-01-10,UK,0.0,807.84,419.89,387.95000000000005,Facebook_Alpha,Hybrid
1118,103,2025-01-20,BR,561.9699999999999,960.8199999999999,322.26,76.59000000000003,SEO_Blog_Casino,CPA
1119,105,2025-01-03,IN,0.0,0.0,106.06,-106.06,Telegram_Signals,CPA
1120,101,2025-01-06,UK,1180.1100000000001,352.16999999999996,1231.55,-2059.4900000000002,Google_Ads,CPA
1121,106,2025-01-10,NG,137.51,0.0,24.189999999999998,-161.7,Bonus_Hunter_Site,RevShare
1122,101,2025-01-22,IN,635.7,478.95000000000005,301.13,-457.88,Google_Ads,CPA
1123,102,2025-01-10,UK,0.0,0.0,581.4200000000001,-581.4200000000001,Twitch_Influencer,RevShare
1124,104,2025-01-25,IN,215.31,0.0,261.98,-477.29,Facebook_Alpha,Hybrid
1125,104,2025-01-20,UK,475.8,686.26,0.0,210.45999999999998,Facebook_Alpha,Hybrid
1126,104,2025-01-28,BR,541.68,877.6800000000001,713.4300000000001,-377.42999999999995,Facebook_Alpha,Hybrid
1127,104,2025-01-30,IN,657.77,0.0,0.0,-657.77,Facebook_Alpha,Hybrid
1128,103,2025-01-11,UK,180.17,0.0,899.16,-1079.33,SEO_Blog_Casino,CPA
1129,103,2025-01-28,IN,0.0,64.56,295.97,-231.41000000000003,SEO_Blog_Casino,CPA
1130,106,2025-01-24,BR,178.79,8.39,6.27,-176.67,Bonus_Hunter_Site,RevShare
1131,106,2025-01-21,NG,97.81,0.0,39.67,-137.48000000000002,Bonus_Hunter_Site,RevShare
1132,104,2025-01-29,NG,272.12,424.14,794.46,-642.44,Facebook_Alpha,Hybrid
1133,106,2025-01-22,IN,240.26,7.89,0.0,-232.37,Bonus_Hunter_Site,RevShare
1134,105,2025-01-08,IN,389.17,135.22,0.0,-253.95000000000002,Telegram_Signals,CPA
1135,104,2025-01-29,UK,0.0,514.6,1060.3400000000001,-545.7400000000001,Facebook_Alpha,Hybrid
1136,105,2025-01-14,IN,655.08,724.14,1540.32,-1471.26,Telegram_Signals,CPA
1137,102,2025-01-13,UK,808.87,92.36,0.0,-716.51,Twitch_Influencer,RevShare
1138,106,2025-01-19,BR,239.67000000000002,0.0,5.38,-245.05,Bonus_Hunter_Site,RevShare
1139,104,2025-01-26,UK,96.15,734.4300000000001,718.22,-79.93999999999997,Facebook_Alpha,Hybrid
1140,103,2025-01-02,NG,80.75,884.27,1128.38,-324.8600000000001,SEO_Blog_Casino,CPA
1141,101,2025-01-30,BR,0.0,143.91,278.49,-134.58,Google_Ads,CPA
1142,106,2025-01-12,IN,273.39,17.07,31.01,-287.33,Bonus_Hunter_Site,RevShare
1143,105,2025-01-15,NG,859.9399999999999,478.68,1073.42,-1454.6799999999998,Telegram_Signals,CPA
1144,101,2025-01-02,UK,0.0,53.43,376.5,-323.07,Google_Ads,CPA
1145,101,2025-01-08,UK,175.97,1309.39,696.61,436.81000000000006,Google_Ads,CPA
1146,104,2025-01-21,NG,602.62,0.0,1316.4,-1919.02,Facebook_Alpha,Hybrid
1147,102,2025-01-04,UK,838.1500000000001,0.0,1138.3700000000001,-1976.5200000000002,Twitch_Influencer,RevShare
1148,103,2025-01-17,IN,0.0,1578.37,348.46,1229.9099999999999,SEO_Blog_Casino,CPA
1149,106,2025-01-17,IN,241.22,0.0,32.43,-273.65,Bonus_Hunter_Site,RevShare
1150,105,2025-01-15,NG,1163.55,594.52,273.95,-842.98,Telegram_Signals,CPA
1151,104,2025-01-09,NG,649.1100000000001,330.04,188.29,-507.3600000000001,Facebook_Alpha,Hybrid
1152,101,2025-01-25,NG,68.88,1011.58,495.81000000000006,446.89,Google_Ads,CPA
1153,101,2025-01-13,UK,0.0,172.41,1373.37,-1200.9599999999998,Google_Ads,CPA
1154,104,2025-01-03,UK,0.0,815.48,248.72,566.76,Facebook_Alpha,Hybrid
1155,102,2025-01-06,UK,480.08,1143.35,1256.85,-593.5799999999999,Twitch_Influencer,RevShare
1156,102,2025-01-23,BR,119.86,0.0,0.0,-119.86,Twitch_Influencer,RevShare
1157,102,2025-01-02,UK,1210.13,541.96,382.51,-1050.68,Twitch_Influencer,RevShare
1158,104,2025-01-20,UK,494.42,1141.55,636.5699999999999,10.560000000000002,Facebook_Alpha,Hybrid
1159,102,2025-01-16,IN,0.0,177.06,0.0,177.06,Twitch_Influencer,RevShare
1160,105,2025-01-15,IN,0.0,962.6600000000001,629.85,332.81000000000006,Telegram_Signals,CPA
1161,104,2025-01-17,BR,524.45,741.3,598.36,-381.5100000000001,Facebook_Alpha,Hybrid
1162,104,2025-01-18,NG,1022.8699999999999,482.12,0.0,-540.7499999999999,Facebook_Alpha,Hybrid
1163,101,2025-01-05,IN,334.79999999999995,816.4100000000001,0.0,481.6100000000001,Google_Ads,CPA
1164,105,2025-01-15,IN,276.27,209.81,507.9,-574.3599999999999,Telegram_Signals,CPA
1165,106,2025-01-02,BR,339.58000000000004,29.83,11.059999999999999,-320.81000000000006,Bonus_Hunter_Site,RevShare
1166,103,2025-01-24,UK,502.71000000000004,0.0,98.88,-601.59,SEO_Blog_Casino,CPA
1167,104,2025-01-30,BR,0.0,756.24,490.81,265.43,Facebook_Alpha,Hybrid
1168,101,2025-01-10,IN,67.33,396.35,560.13,-231.10999999999996,Google_Ads,CPA
1169,103,2025-01-14,UK,0.0,1692.56,32.86,1659.7,SEO_Blog_Casino,CPA
1170,106,2025-01-05,IN,79.23,0.0,0.0,-79.23,Bonus_Hunter_Site,RevShare
1171,104,2025-01-13,BR,308.54,1219.27,323.24,587.49,Facebook_Alpha,Hybrid
1172,106,2025-01-29,IN,230.66,0.0,0.0,-230.66,Bonus_Hunter_Site,RevShare
1173,106,2025-01-07,NG,54.39,27.46,33.2,-60.13,Bonus_Hunter_Site,RevShare
1174,102,2025-01-21,BR,117.04,734.34,1221.61,-604.3099999999998,Twitch_Influencer,RevShare
1175,104,2025-01-24,BR,1062.1100000000001,0.0,1401.6599999999999,-2463.77,Facebook_Alpha,Hybrid
1176,103,2025-01-04,UK,621.57,71.93,249.63,-799.27,SEO_Blog_Casino,CPA
1177,105,2025-01-15,IN,953.9200000000001,779.27,665.12,-839.7700000000001,Telegram_Signals,CPA
1178,104,2025-01-12,IN,1169.24,647.03,334.4,-856.61,Facebook_Alpha,Hybrid
1179,102,2025-01-23,UK,0.0,202.2,1336.35,-1134.1499999999999,Twitch_Influencer,RevShare
1180,105,2025-01-15,IN,739.4200000000001,402.55,829.42,-1166.29,Telegram_Signals,CPA
1181,103,2025-01-20,NG,0.0,0.0,227.73,-227.73,SEO_Blog_Casino,CPA
1182,103,2025-01-06,NG,797.86,118.55,1389.44,-2068.75,SEO_Blog_Casino,CPA
1183,106,2025-01-26,IN,115.23,5.05,24.619999999999997,-134.8,Bonus_Hunter_Site,RevShare
1184,102,2025-01-27,NG,283.62,89.02,788.33,-982.9300000000001,Twitch_Influencer,RevShare
1185,102,2025-01-07,BR,35.62,409.58,522.45,-148.49000000000007,Twitch_Influencer,RevShare
1186,105,2025-01-15,BR,151.48,641.29,542.69,-52.88000000000008,Telegram_Signals,CPA
1187,101,2025-01-03,NG,0.0,0.0,278.31,-278.31,Google_Ads,CPA
1188,105,2025-01-16,NG,471.51,152.95,0.0,-318.56,Telegram_Signals,CPA
1189,102,2025-01-14,NG,440.0,119.71,0.0,-320.29,Twitch_Influencer,RevShare
1190,101,2025-01-22,IN,366.01,1003.33,437.48,199.84000000000003,Google_Ads,CPA
1191,102,2025-01-24,IN,98.02,333.42,0.0,235.40000000000003,Twitch_Influencer,RevShare
1192,104,2025-01-11,NG,345.1,423.37,197.33,-119.06000000000003,Facebook_Alpha,Hybrid
1193,102,2025-01-26,IN,142.08,579.89,742.52,-304.71000000000004,Twitch_Influencer,RevShare
1194,102,2025-01-22,BR,293.75,667.09,364.76,8.580000000000041,Twitch_Influencer,RevShare
1195,102,2025-01-30,BR,0.0,1568.3,975.4100000000001,592.8899999999999,Twitch_Influencer,RevShare
1196,103,2025-01-18,UK,0.0,448.48,13.8,434.68,SEO_Blog_Casino,CPA
1197,103,2025-01-28,IN,1147.68,458.07,146.55,-836.1600000000001,SEO_Blog_Casino,CPA
1198,105,2025-01-15,UK,398.61,700.26,356.19,-54.54000000000002,Telegram_Signals,CPA
1199,103,2025-01-05,IN,0.0,736.9200000000001,346.04,390.88000000000005,SEO_Blog_Casino,CPA
1200,101,2025-01-01,BR,945.04,318.74,210.70999999999998,-837.01,Google_Ads,CPA
1201,103,2025-01-24,BR,377.89,464.48,298.53,-211.93999999999994,SEO_Blog_Casino,CPA
1202,102,2025-01-20,NG,1228.8,867.37,203.36,-564.79,Twitch_Influencer,RevShare
1203,104,2025-01-09,BR,375.63,725.71,121.42,228.66000000000008,Facebook_Alpha,Hybrid
1204,105,2025-01-15,NG,1057.23,785.58,187.39999999999998,-459.04999999999995,Telegram_Signals,CPA
1205,101,2025-01-04,NG,396.55,1137.48,794.0799999999999,-53.14999999999992,Google_Ads,CPA
1206,106,2025-01-04,NG,230.3,14.700000000000001,0.0,-215.60000000000002,Bonus_Hunter_Site,RevShare
1207,102,2025-01-04,BR,534.88,774.75,907.85,-667.98,Twitch_Influencer,RevShare
1208,105,2025-01-01,UK,258.43,1418.91,831.4300000000001,329.05,Telegram_Signals,CPA
1209,101,2025-01-29,IN,1032.25,425.63,1114.71,-1721.33,Google_Ads,CPA
1210,101,2025-01-24,BR,0.0,520.99,439.52,81.47000000000003,Google_Ads,CPA
1211,105,2025-01-06,UK,372.77,997.11,38.2,586.14,Telegram_Signals,CPA
1212,103,2025-01-09,IN,280.31,251.61,0.0,-28.69999999999999,SEO_Blog_Casino,CPA
1213,102,2025-01-11,NG,498.57,480.19,655.7,-674.08,Twitch_Influencer,RevShare
1214,105,2025-01-13,NG,990.94,612.3,1162.39,-1541.0300000000002,Telegram_Signals,CPA
1215,102,2025-01-05,NG,325.1,1162.64,0.0,837.5400000000001,Twitch_Influencer,RevShare
1216,103,2025-01-18,NG,468.25,441.35,599.15,-626.05,SEO_Blog_Casino,CPA
1217,102,2025-01-06,BR,312.12,1074.44,451.92,310.4,Twitch_Influencer,RevShare
1218,104,2025-01-09,BR,0.0,270.33000000000004,180.08,90.25000000000003,Facebook_Alpha,Hybrid
1219,101,2025-01-04,UK,391.15999999999997,390.1,0.0,-1.0599999999999454,Google_Ads,CPA
1220,106,2025-01-10,BR,165.74,8.52,0.0,-157.22,Bonus_Hunter_Site,RevShare
1221,106,2025-01-14,UK,0.0,0.0,29.63,-29.63,Bonus_Hunter_Site,RevShare
1222,101,2025-01-27,IN,674.39,0.0,1597.75,-2272.14,Google_Ads,CPA
1223,105,2025-01-30,BR,722.1700000000001,409.93,181.07,-493.31000000000006,Telegram_Signals,CPA
1224,102,2025-01-01,NG,490.94,244.88,458.0,-704.06,Twitch_Influencer,RevShare
1225,101,2025-01-16,BR,246.47,565.77,449.72,-130.42000000000004,Google_Ads,CPA
1226,103,2025-01-25,BR,665.87,863.61,395.32000000000005,-197.58000000000004,SEO_Blog_Casino,CPA
1227,105,2025-01-06,BR,0.0,364.41,83.8,280.61,Telegram_Signals,CPA
1228,102,2025-01-15,UK,475.48,273.64,670.52,-872.36,Twitch_Influencer,RevShare
1229,106,2025-01-13,NG,412.06,20.63,16.91,-408.34000000000003,Bonus_Hunter_Site,RevShare
1230,105,2025-01-15,BR,609.6500000000001,234.73000000000002,1429.81,-1804.73,Telegram_Signals,CPA
1231,101,2025-01-08,UK,981.45,125.26,1231.12,-2087.31,Google_Ads,CPA
1232,101,2025-01-10,UK,1009.44,30.41,229.66,-1208.69,Google_Ads,CPA
1233,105,2025-01-15,IN,1039.51,1007.79,473.54,-505.26,Telegram_Signals,CPA
1234,106,2025-01-09,IN,230.75,34.15,5.0,-201.6,Bonus_Hunter_Site,RevShare
1235,106,2025-01-07,BR,79.39,5.81,5.32,-78.9,Bonus_Hunter_Site,RevShare
1236,106,2025-01-25,UK,323.49,0.0,24.549999999999997,-348.04,Bonus_Hunter_Site,RevShare
1237,104,2025-01-31,UK,290.37,768.1700000000001,459.16,18.640000000000043,Facebook_Alpha,Hybrid
1238,105,2025-01-15,NG,658.5,76.64,827.12,-1408.98,Telegram_Signals,CPA
1239,101,2025-01-21,NG,449.62,0.0,452.58000000000004,-902.2,Google_Ads,CPA
1240,102,2025-01-23,NG,926.15,348.06,343.75,-921.8399999999999,Twitch_Influencer,RevShare
1241,102,2025-01-26,UK,0.0,884.98,553.45,331.53,Twitch_Influencer,RevShare
1242,105,2025-01-27,BR,786.48,789.39,43.52,-40.610000000000014,Telegram_Signals,CPA
1243,105,2025-01-15,UK,419.15,725.36,359.23,-53.01999999999998,Telegram_Signals,CPA
1244,102,2025-01-02,UK,1453.7,224.4,778.9,-2008.2,Twitch_Influencer,RevShare
1245,104,2025-01-06,IN,584.44,241.09,0.0,-343.35,Facebook_Alpha,Hybrid
1246,105,2025-01-02,IN,136.92,0.0,0.0,-136.92,Telegram_Signals,CPA
1247,103,2025-01-15,NG,675.08,354.51,187.8,-508.37000000000006,SEO_Blog_Casino,CPA
1248,105,2025-01-14,BR,0.0,0.0,446.31,-446.31,Telegram_Signals,CPA
1249,104,2025-01-03,UK,250.32,466.19,322.89,-107.01999999999998,Facebook_Alpha,Hybrid
1250,104,2025-01-20,IN,0.0,1048.57,986.17,62.39999999999998,Facebook_Alpha,Hybrid
1251,102,2025-01-23,IN,641.01,568.9200000000001,497.9,-569.9899999999999,Twitch_Influencer,RevShare
1252,103,2025-01-26,UK,0.0,60.32,220.19,-159.87,SEO_Blog_Casino,CPA
1253,103,2025-01-28,BR,293.8,598.5,1098.57,-793.8699999999999,SEO_Blog_Casino,CPA
1254,106,2025-01-21,NG,90.93,0.0,0.0,-90.93,Bonus_Hunter_Site,RevShare
1255,103,2025-01-30,UK,0.0,470.57,0.0,470.57,SEO_Blog_Casino,CPA
1256,101,2025-01-16,NG,819.2,407.42,469.24,-881.02,Google_Ads,CPA
1257,101,2025-01-29,BR,1101.77,1245.17,572.72,-429.31999999999994,Google_Ads,CPA
1258,104,2025-01-14,UK,856.45,470.98,1525.9,-1911.3700000000001,Facebook_Alpha,Hybrid
1259,103,2025-01-23,IN,368.83000000000004,577.63,688.63,-479.83000000000004,SEO_Blog_Casino,CPA
1260,104,2025-01-16,BR,1219.3600000000001,450.66999999999996,388.11,-1156.8000000000002,Facebook_Alpha,Hybrid
1261,105,2025-01-15,IN,0.0,301.73,548.1700000000001,-246.44000000000005,Telegram_Signals,CPA
1262,104,2025-01-05,IN,0.0,1404.1,1410.0,-5.900000000000091,Facebook_Alpha,Hybrid
1263,104,2025-01-13,IN,922.05,772.66,309.45,-458.84,Facebook_Alpha,Hybrid
1264,104,2025-01-13,IN,1025.09,979.41,72.03,-117.70999999999992,Facebook_Alpha,Hybrid
1265,103,2025-01-29,NG,827.0600000000001,0.0,334.59000000000003,-1161.65,SEO_Blog_Casino,CPA
1266,104,2025-01-30,IN,628.68,1057.15,169.12,259.35000000000014,Facebook_Alpha,Hybrid
1267,103,2025-01-04,UK,271.62,286.5,564.1700000000001,-549.2900000000001,SEO_Blog_Casino,CPA
1268,103,2025-01-26,IN,51.65,789.67,936.04,-198.02,SEO_Blog_Casino,CPA
1269,101,2025-01-03,UK,1238.29,1281.76,578.8,-535.3299999999999,Google_Ads,CPA
1270,102,2025-01-03,NG,24.47,191.42,0.0,166.95,Twitch_Influencer,RevShare
1271,102,2025-01-02,UK,447.22,0.0,0.0,-447.22,Twitch_Influencer,RevShare
1272,102,2025-01-25,UK,0.0,274.31,52.44,221.87,Twitch_Influencer,RevShare
1273,104,2025-01-10,BR,427.91,289.76,685.1700000000001,-823.3200000000002,Facebook_Alpha,Hybrid
1274,102,2025-01-31,BR,1291.27,0.0,882.16,-2173.43,Twitch_Influencer,RevShare
1275,106,2025-01-10,BR,0.0,39.29,21.89,17.4,Bonus_Hunter_Site,RevShare
1276,102,2025-01-07,UK,200.7,774.3,572.95,0.6499999999999204,Twitch_Influencer,RevShare
1277,106,2025-01-16,UK,167.54,38.75,15.23,-144.01999999999998,Bonus_Hunter_Site,RevShare
1278,105,2025-01-15,NG,0.0,783.6600000000001,219.74,563.9200000000001,Telegram_Signals,CPA
1279,106,2025-01-21,UK,61.91,0.0,5.8,-67.71,Bonus_Hunter_Site,RevShare
1280,101,2025-01-12,UK,62.85,350.56,0.0,287.71,Google_Ads,CPA
1281,104,2025-01-21,UK,519.0899999999999,496.43,1042.02,-1064.6799999999998,Facebook_Alpha,Hybrid
1282,105,2025-01-15,IN,455.34,188.14,0.0,-267.2,Telegram_Signals,CPA
1283,101,2025-01-21,NG,247.26,725.99,85.66,393.07000000000005,Google_Ads,CPA
1284,105,2025-01-09,NG,479.71,557.62,277.55,-199.64,Telegram_Signals,CPA
1285,102,2025-01-15,UK,509.45,440.81,0.0,-68.63999999999999,Twitch_Influencer,RevShare
1286,105,2025-01-15,BR,855.5799999999999,1516.38,203.17,457.6300000000001,Telegram_Signals,CPA
1287,105,2025-01-15,UK,524.64,291.67,160.59,-393.55999999999995,Telegram_Signals,CPA
1288,105,2025-01-15,NG,0.0,1713.56,843.89,869.67,Telegram_Signals,CPA
1289,105,2025-01-15,UK,469.07,1162.04,1193.55,-500.58,Telegram_Signals,CPA
1290,104,2025-01-21,IN,882.5,346.32,238.38,-774.56,Facebook_Alpha,Hybrid
1291,102,2025-01-23,IN,863.3199999999999,457.76,188.31,-593.8699999999999,Twitch_Influencer,RevShare
1292,105,2025-01-15,UK,0.0,253.81,315.13,-61.31999999999999,Telegram_Signals,CPA
1293,106,2025-01-24,NG,152.73,7.69,21.98,-167.01999999999998,Bonus_Hunter_Site,RevShare
1294,106,2025-01-25,IN,250.59,22.830000000000002,9.31,-237.07,Bonus_Hunter_Site,RevShare
1295,105,2025-01-15,UK,303.86,843.25,0.0,539.39,Telegram_Signals,CPA
1296,101,2025-01-29,NG,186.13,806.58,237.04999999999998,383.4000000000001,Google_Ads,CPA
1297,106,2025-01-17,IN,140.02,23.380000000000003,31.0,-147.64000000000001,Bonus_Hunter_Site,RevShare
1298,102,2025-01-27,IN,288.72,721.69,315.09,117.88000000000005,Twitch_Influencer,RevShare
1299,104,2025-01-18,BR,734.6600000000001,586.46,953.48,-1101.68,Facebook_Alpha,Hybrid
1300,106,2025-01-17,NG,135.57,17.38,27.34,-145.53,Bonus_Hunter_Site,RevShare
1301,104,2025-01-03,BR,720.9,607.36,653.7,-767.24,Facebook_Alpha,Hybrid
1302,101,2025-01-03,NG,190.09,250.14,1270.38,-1210.3300000000002,Google_Ads,CPA
1303,105,2025-01-15,IN,560.56,443.72,1014.49,-1131.33,Telegram_Signals,CPA
1304,101,2025-01-09,IN,151.46,442.36,351.72,-60.82000000000002,Google_Ads,CPA
1305,102,2025-01-28,UK,273.36,452.02,781.81,-603.15,Twitch_Influencer,RevShare
1306,105,2025-01-10,UK,26.91,0.0,342.07,-368.98,Telegram_Signals,CPA
1307,104,2025-01-09,IN,0.0,75.69,0.0,75.69,Facebook_Alpha,Hybrid
1308,106,2025-01-05,BR,144.57,17.85,14.510000000000002,-141.23,Bonus_Hunter_Site,RevShare
1309,101,2025-01-27,NG,0.0,986.83,1130.94,-144.11,Google_Ads,CPA
1310,103,2025-01-13,UK,215.29,0.0,450.7,-665.99,SEO_Blog_Casino,CPA
1311,104,2025-01-12,IN,829.25,642.6700000000001,967.8,-1154.3799999999999,Facebook_Alpha,Hybrid
1312,102,2025-01-14,BR,816.13,1299.49,1058.01,-574.65,Twitch_Influencer,RevShare
1313,105,2025-01-15,IN,118.85,522.2,770.1500000000001,-366.80000000000007,Telegram_Signals,CPA
1314,106,2025-01-22,UK,157.07,41.34,13.71,-129.44,Bonus_Hunter_Site,RevShare
1315,104,2025-01-20,NG,244.8,1115.04,447.26,422.97999999999996,Facebook_Alpha,Hybrid
1316,104,2025-01-11,NG,457.8,311.14,0.0,-146.66000000000003,Facebook_Alpha,Hybrid
1317,105,2025-01-15,NG,264.33,1824.52,691.88,868.31,Telegram_Signals,CPA
1318,106,2025-01-12,BR,373.47,17.97,19.8,-375.3,Bonus_Hunter_Site,RevShare
1319,106,2025-01-29,BR,66.33,32.15,6.59,-40.769999999999996,Bonus_Hunter_Site,RevShare
1320,103,2025-01-20,BR,0.0,318.81,328.34000000000003,-9.53000000000003,SEO_Blog_Casino,CPA
1321,104,2025-01-19,NG,591.81,208.73,1489.46,-1872.54,Facebook_Alpha,Hybrid
1322,104,2025-01-26,UK,294.82,216.23,0.0,-78.59,Facebook_Alpha,Hybrid
1323,103,2025-01-15,NG,147.7,1174.19,445.31,581.1800000000001,SEO_Blog_Casino,CPA
1324,101,2025-01-31,UK,1365.28,892.1400000000001,147.79,-620.9299999999998,Google_Ads,CPA
1325,104,2025-01-18,BR,194.37,1977.01,805.23,977.41,Facebook_Alpha,Hybrid
1326,102,2025-01-22,BR,678.72,0.0,765.78,-1444.5,Twitch_Influencer,RevShare
1327,105,2025-01-15,UK,293.02,0.0,1452.96,-1745.98,Telegram_Signals,CPA
1328,102,2025-01-16,UK,1082.04,789.73,239.1,-531.41,Twitch_Influencer,RevShare
1329,105,2025-01-15,IN,22.31,478.83,578.3499999999999,-121.82999999999993,Telegram_Signals,CPA
1330,101,2025-01-01,BR,0.0,165.54,0.0,165.54,Google_Ads,CPA
1331,105,2025-01-15,IN,0.0,795.3299999999999,0.0,795.3299999999999,Telegram_Signals,CPA
1332,101,2025-01-31,NG,1223.25,602.83,906.54,-1526.96,Google_Ads,CPA
1333,103,2025-01-15,IN,274.9,767.4,402.86,89.63999999999999,SEO_Blog_Casino,CPA
1334,105,2025-01-19,NG,0.0,302.9,948.03,-645.13,Telegram_Signals,CPA
1335,101,2025-01-19,NG,1235.88,282.31,174.27,-1127.8400000000001,Google_Ads,CPA
1336,102,2025-01-03,UK,0.0,0.0,568.02,-568.02,Twitch_Influencer,RevShare
1337,105,2025-01-23,BR,0.0,42.06,0.0,42.06,Telegram_Signals,CPA
1338,105,2025-01-15,NG,407.89,0.0,626.94,-1034.83,Telegram_Signals,CPA
1339,105,2025-01-15,NG,282.01,335.59,108.25,-54.670000000000016,Telegram_Signals,CPA
1340,103,2025-01-05,BR,230.77,242.7,25.88,-13.950000000000017,SEO_Blog_Casino,CPA
1341,105,2025-01-26,IN,492.2,2512.16,512.65,1507.3099999999997,Telegram_Signals,CPA
1342,103,2025-01-04,NG,303.31,47.41,0.0,-255.9,SEO_Blog_Casino,CPA
1343,101,2025-01-09,BR,339.01,1345.04,708.71,297.31999999999994,Google_Ads,CPA
1344,106,2025-01-14,NG,0.0,0.0,6.22,-6.22,Bonus_Hunter_Site,RevShare
1345,105,2025-01-15,UK,437.24,479.59,0.0,42.349999999999966,Telegram_Signals,CPA
1346,104,2025-01-14,UK,478.26,326.21,0.0,-152.05,Facebook_Alpha,Hybrid
1347,102,2025-01-21,UK,1077.69,139.36,400.27,-1338.6,Twitch_Influencer,RevShare
1348,102,2025-01-27,NG,149.5,0.0,409.4,-558.9,Twitch_Influencer,RevShare
1349,103,2025-01-16,NG,0.0,0.0,295.4,-295.4,SEO_Blog_Casino,CPA
1350,104,2025-01-30,UK,56.5,251.39,1612.3,-1417.4099999999999,Facebook_Alpha,Hybrid
1351,105,2025-01-15,BR,0.0,715.56,189.41,526.15,Telegram_Signals,CPA
1352,102,2025-01-29,IN,1113.3,723.69,1066.75,-1456.36,Twitch_Influencer,RevShare
1353,105,2025-01-30,IN,210.03,137.4,0.0,-72.63,Telegram_Signals,CPA
1354,104,2025-01-24,NG,0.0,0.0,102.12,-102.12,Facebook_Alpha,Hybrid
1355,101,2025-01-27,IN,580.17,264.06,861.49,-1177.6,Google_Ads,CPA
1356,104,2025-01-15,NG,799.47,481.33,129.13,-447.27000000000004,Facebook_Alpha,Hybrid
1357,102,2025-01-19,UK,432.01,246.11,649.4100000000001,-835.3100000000001,Twitch_Influencer,RevShare
1358,105,2025-01-26,BR,434.65,178.79,558.48,-814.34,Telegram_Signals,CPA
1359,103,2025-01-11,IN,654.19,1241.9499999999998,0.0,587.7599999999998,SEO_Blog_Casino,CPA
1360,103,2025-01-08,UK,0.0,1030.88,1126.57,-95.68999999999983,SEO_Blog_Casino,CPA
1361,101,2025-01-11,BR,427.69,0.0,116.56,-544.25,Google_Ads,CPA
1362,102,2025-01-01,BR,213.32,694.9000000000001,543.1700000000001,-61.589999999999975,Twitch_Influencer,RevShare
1363,103,2025-01-12,UK,0.0,0.0,785.98,-785.98,SEO_Blog_Casino,CPA
1364,102,2025-01-21,BR,1376.36,1120.1599999999999,117.04,-373.24,Twitch_Influencer,RevShare
1365,101,2025-01-10,BR,451.84000000000003,871.55,569.23,-149.5200000000001,Google_Ads,CPA
1366,105,2025-01-15,NG,989.38,682.7,338.88,-645.56,Telegram_Signals,CPA
1367,106,2025-01-15,NG,53.36,0.0,0.0,-53.36,Bonus_Hunter_Site,RevShare
1368,106,2025-01-25,BR,64.16,0.0,6.99,-71.14999999999999,Bonus_Hunter_Site,RevShare
1369,101,2025-01-15,BR,214.33,279.05,360.56,-295.84000000000003,Google_Ads,CPA
1370,106,2025-01-29,BR,0.0,23.159999999999997,5.16,17.999999999999996,Bonus_Hunter_Site,RevShare
1371,103,2025-01-20,UK,376.54,0.0,46.16,-422.70000000000005,SEO_Blog_Casino,CPA
1372,103,2025-01-17,NG,0.0,264.52,428.33,-163.81,SEO_Blog_Casino,CPA
1373,102,2025-01-05,IN,499.46,474.45,343.52,-368.53,Twitch_Influencer,RevShare
1374,101,2025-01-13,NG,613.9399999999999,335.45,1282.8600000000001,-1561.35,Google_Ads,CPA
1375,101,2025-01-31,BR,1704.79,732.74,188.46,-1160.51,Google_Ads,CPA
1376,101,2025-01-13,NG,0.0,420.39,0.0,420.39,Google_Ads,CPA
1377,105,2025-01-15,NG,0.0,210.41,0.0,210.41,Telegram_Signals,CPA
1378,101,2025-01-15,NG,0.0,0.0,468.65999999999997,-468.65999999999997,Google_Ads,CPA
1379,104,2025-01-25,IN,428.22,276.39,0.0,-151.83000000000004,Facebook_Alpha,Hybrid
1380,103,2025-01-15,IN,418.92,414.15999999999997,0.0,-4.760000000000048,SEO_Blog_Casino,CPA
1381,106,2025-01-23,NG,200.7,7.17,35.65,-229.17999999999998,Bonus_Hunter_Site,RevShare
1382,105,2025-01-17,IN,786.89,0.0,265.19,-1052.08,Telegram_Signals,CPA
1383,101,2025-01-08,IN,990.0500000000001,162.9,247.79,-1074.94,Google_Ads,CPA
1384,105,2025-01-17,IN,666.6099999999999,1403.68,582.47,154.60000000000014,Telegram_Signals,CPA
1385,105,2025-01-06,IN,0.0,0.0,212.29,-212.29,Telegram_Signals,CPA
1386,103,2025-01-12,UK,0.0,513.3399999999999,586.35,-73.0100000000001,SEO_Blog_Casino,CPA
1387,101,2025-01-23,NG,1003.96,93.24,139.20999999999998,-1049.93,Google_Ads,CPA
1388,105,2025-01-13,IN,458.3,119.75,576.97,-915.52,Telegram_Signals,CPA
1389,104,2025-01-13,UK,230.82,449.57000000000005,647.69,-428.94,Facebook_Alpha,Hybrid
1390,103,2025-01-26,NG,729.3199999999999,1894.5900000000001,480.94,684.3300000000002,SEO_Blog_Casino,CPA
1391,106,2025-01-26,NG,0.0,15.05,9.26,5.790000000000001,Bonus_Hunter_Site,RevShare
1392,104,2025-01-02,IN,0.0,684.86,223.82,461.04,Facebook_Alpha,Hybrid
1393,106,2025-01-07,NG,143.97,28.349999999999998,28.61,-144.23,Bonus_Hunter_Site,RevShare
1394,101,2025-01-29,UK,832.4300000000001,403.9,749.79,-1178.3200000000002,Google_Ads,CPA
1395,103,2025-01-30,IN,795.05,473.11,1677.94,-1999.8799999999999,SEO_Blog_Casino,CPA
1396,106,2025-01-02,IN,58.0,18.909999999999997,16.21,-55.300000000000004,Bonus_Hunter_Site,RevShare
1397,106,2025-01-17,UK,0.0,0.0,9.89,-9.89,Bonus_Hunter_Site,RevShare
1398,105,2025-01-15,NG,255.87,832.64,146.55,430.2199999999999,Telegram_Signals,CPA
1399,105,2025-01-19,NG,0.0,1430.6,0.0,1430.6,Telegram_Signals,CPA
1400,106,2025-01-27,BR,672.3299999999999,8.6,0.0,-663.7299999999999,Bonus_Hunter_Site,RevShare
1401,103,2025-01-11,UK,15.72,550.65,322.52000000000004,212.40999999999994,SEO_Blog_Casino,CPA
1402,105,2025-01-15,BR,159.23,878.4000000000001,549.37,169.8000000000001,Telegram_Signals,CPA
1403,102,2025-01-11,IN,0.0,611.63,633.3199999999999,-21.68999999999994,Twitch_Influencer,RevShare
1404,106,2025-01-23,BR,274.94,8.95,14.18,-280.17,Bonus_Hunter_Site,RevShare
1405,104,2025-01-12,UK,238.78,737.38,0.0,498.6,Facebook_Alpha,Hybrid
1406,102,2025-01-10,BR,0.0,331.13,0.0,331.13,Twitch_Influencer,RevShare
1407,103,2025-01-26,NG,0.0,480.53999999999996,1063.73,-583.19,SEO_Blog_Casino,CPA
1408,102,2025-01-13,NG,960.3499999999999,575.72,453.25,-837.8799999999999,Twitch_Influencer,RevShare
1409,106,2025-01-18,IN,211.04999999999998,29.240000000000002,8.89,-190.7,Bonus_Hunter_Site,RevShare
1410,103,2025-01-03,BR,304.97,308.03000000000003,218.19,-215.13,SEO_Blog_Casino,CPA
1411,106,2025-01-20,IN,325.36,16.29,7.89,-316.96000000000004,Bonus_Hunter_Site,RevShare
1412,106,2025-01-11,IN,0.0,33.980000000000004,7.09,26.890000000000004,Bonus_Hunter_Site,RevShare
1413,103,2025-01-12,NG,371.65,365.18,342.2,-348.66999999999996,SEO_Blog_Casino,CPA
1414,101,2025-01-30,UK,0.0,789.58,115.78,673.8000000000001,Google_Ads,CPA
1415,101,2025-01-23,NG,208.88000000000002,698.45,33.24,456.33000000000004,Google_Ads,CPA
1416,104,2025-01-08,BR,496.58,854.79,0.0,358.21,Facebook_Alpha,Hybrid
1417,102,2025-01-21,UK,406.59,831.9699999999999,446.54,-21.160000000000082,Twitch_Influencer,RevShare
1418,105,2025-01-19,BR,884.37,1128.4,862.99,-618.9599999999999,Telegram_Signals,CPA
1419,101,2025-01-29,NG,304.38,150.67000000000002,463.67,-617.38,Google_Ads,CPA
1420,104,2025-01-25,BR,115.79,581.24,213.47,251.97999999999996,Facebook_Alpha,Hybrid
1421,105,2025-01-15,NG,386.88,0.0,511.40999999999997,-898.29,Telegram_Signals,CPA
1422,104,2025-01-14,BR,0.0,420.17,0.0,420.17,Facebook_Alpha,Hybrid
1423,105,2025-01-20,BR,735.78,1181.8200000000002,424.92999999999995,21.11000000000024,Telegram_Signals,CPA
1424,101,2025-01-10,IN,1177.47,586.28,65.58,-656.7700000000001,Google_Ads,CPA
1425,106,2025-01-06,NG,192.34,9.75,32.19,-214.78,Bonus_Hunter_Site,RevShare
1426,101,2025-01-19,BR,284.31,0.0,0.0,-284.31,Google_Ads,CPA
1427,105,2025-01-15,IN,698.71,1116.77,203.8,214.26,Telegram_Signals,CPA
1428,102,2025-01-04,BR,427.62,625.47,448.19,-250.33999999999997,Twitch_Influencer,RevShare
1429,101,2025-01-27,NG,847.51,151.04,671.63,-1368.1,Google_Ads,CPA
1430,106,2025-01-28,IN,56.92,13.65,26.48,-69.75,Bonus_Hunter_Site,RevShare
1431,104,2025-01-06,NG,0.0,0.0,240.32,-240.32,Facebook_Alpha,Hybrid
1432,101,2025-01-22,UK,1137.27,1204.4,706.96,-639.8299999999999,Google_Ads,CPA
1433,106,2025-01-09,BR,0.0,15.129999999999999,16.990000000000002,-1.860000000000003,Bonus_Hunter_Site,RevShare
1434,104,2025-01-19,NG,309.69,720.11,0.0,410.42,Facebook_Alpha,Hybrid
1435,104,2025-01-02,UK,741.28,501.79999999999995,395.56,-635.04,Facebook_Alpha,Hybrid
1436,102,2025-01-06,NG,101.62,0.0,678.97,-780.59,Twitch_Influencer,RevShare
1437,103,2025-01-16,IN,982.16,126.66,256.19,-1111.69,SEO_Blog_Casino,CPA
1438,105,2025-01-18,NG,1722.68,286.88,287.47999999999996,-1723.28,Telegram_Signals,CPA
1439,103,2025-01-08,IN,0.0,541.29,480.05,61.23999999999995,SEO_Blog_Casino,CPA
1440,102,2025-01-08,NG,379.5,909.8299999999999,0.0,530.3299999999999,Twitch_Influencer,RevShare
1441,106,2025-01-09,IN,0.0,0.0,15.02,-15.02,Bonus_Hunter_Site,RevShare
1442,106,2025-01-29,UK,194.63,15.78,25.39,-204.24,Bonus_Hunter_Site,RevShare
1443,106,2025-01-06,IN,96.51,18.48,0.0,-78.03,Bonus_Hunter_Site,RevShare
1444,106,2025-01-27,UK,0.0,0.0,14.3,-14.3,Bonus_Hunter_Site,RevShare
1445,102,2025-01-21,IN,464.13,0.0,0.0,-464.13,Twitch_Influencer,RevShare
1446,103,2025-01-17,BR,493.73,1325.27,231.54,600.0,SEO_Blog_Casino,CPA
1447,101,2025-01-30,NG,710.65,844.1700000000001,1499.01,-1365.4899999999998,Google_Ads,CPA
1448,106,2025-01-11,NG,92.91,17.9,0.0,-75.00999999999999,Bonus_Hunter_Site,RevShare
1449,104,2025-01-04,UK,233.74,704.4300000000001,408.05,62.64000000000004,Facebook_Alpha,Hybrid
1450,101,2025-01-20,BR,1104.44,0.0,84.26,-1188.7,Google_Ads,CPA
1451,105,2025-01-03,BR,554.71,0.0,0.0,-554.71,Telegram_Signals,CPA
1452,101,2025-01-03,BR,0.0,0.0,485.05,-485.05,Google_Ads,CPA
1453,102,2025-01-17,IN,481.28,934.3599999999999,474.8,-21.720000000000084,Twitch_Influencer,RevShare
1454,103,2025-01-30,NG,476.01,0.0,0.0,-476.01,SEO_Blog_Casino,CPA
1455,104,2025-01-07,NG,1035.79,317.32,644.34,-1362.81,Facebook_Alpha,Hybrid
1456,102,2025-01-02,IN,806.22,832.54,1105.15,-1078.8300000000002,Twitch_Influencer,RevShare
1457,105,2025-01-07,NG,796.77,484.65,700.53,-1012.65,Telegram_Signals,CPA
1458,102,2025-01-10,IN,628.05,472.73,309.72,-465.03999999999996,Twitch_Influencer,RevShare
1459,105,2025-01-19,BR,153.14,228.81,765.3199999999999,-689.65,Telegram_Signals,CPA
1460,106,2025-01-02,UK,84.33,35.81,23.95,-72.47,Bonus_Hunter_Site,RevShare
1461,104,2025-01-09,IN,0.0,224.64,310.41,-85.77000000000004,Facebook_Alpha,Hybrid
1462,104,2025-01-04,UK,321.83,1039.1200000000001,899.9100000000001,-182.61999999999995,Facebook_Alpha,Hybrid
1463,103,2025-01-31,UK,0.0,374.43,458.54,-84.11000000000001,SEO_Blog_Casino,CPA
1464,104,2025-01-25,NG,344.77,0.0,130.41,-475.17999999999995,Facebook_Alpha,Hybrid
1465,104,2025-01-16,IN,582.54,472.19,1579.22,-1689.57,Facebook_Alpha,Hybrid
1466,101,2025-01-12,BR,632.58,451.31,876.13,-1057.4,Google_Ads,CPA
1467,101,2025-01-27,BR,435.46999999999997,0.0,215.29,-650.76,Google_Ads,CPA
1468,106,2025-01-12,BR,0.0,8.89,0.0,8.89,Bonus_Hunter_Site,RevShare
1469,102,2025-01-30,UK,473.89,387.32,510.05,-596.62,Twitch_Influencer,RevShare
1470,102,2025-01-14,UK,1190.11,0.0,286.47,-1476.58,Twitch_Influencer,RevShare
1471,106,2025-01-04,NG,248.72,9.68,8.04,-247.07999999999998,Bonus_Hunter_Site,RevShare
1472,101,2025-01-26,IN,485.65,608.37,794.64,-671.92,Google_Ads,CPA
1473,106,2025-01-30,IN,248.47,16.85,0.0,-231.62,Bonus_Hunter_Site,RevShare
1474,102,2025-01-08,BR,0.0,477.27,606.92,-129.64999999999998,Twitch_Influencer,RevShare
1475,101,2025-01-06,NG,409.95,0.0,374.33,-784.28,Google_Ads,CPA
1476,102,2025-01-01,IN,170.6,143.57,0.0,-27.03,Twitch_Influencer,RevShare
1477,104,2025-01-21,BR,636.63,371.91,719.34,-984.06,Facebook_Alpha,Hybrid
1478,104,2025-01-15,BR,380.49,441.87,420.32,-358.94,Facebook_Alpha,Hybrid
1479,101,2025-01-25,BR,908.57,330.83000000000004,419.45,-997.19,Google_Ads,CPA
1480,103,2025-01-16,BR,268.96,0.0,0.0,-268.96,SEO_Blog_Casino,CPA
1481,106,2025-01-15,BR,385.44,17.41,15.530000000000001,-383.56,Bonus_Hunter_Site,RevShare
1482,104,2025-01-31,NG,489.77,1064.23,423.59999999999997,150.86000000000013,Facebook_Alpha,Hybrid
1483,106,2025-01-14,UK,141.57,27.86,27.0,-140.70999999999998,Bonus_Hunter_Site,RevShare
1484,106,2025-01-24,IN,217.58,13.830000000000002,6.65,-210.4,Bonus_Hunter_Site,RevShare
1485,105,2025-01-15,BR,1957.6599999999999,0.0,605.58,-2563.24,Telegram_Signals,CPA
1486,105,2025-01-18,IN,368.24,0.0,0.0,-368.24,Telegram_Signals,CPA
1487,102,2025-01-05,IN,432.59,708.3199999999999,452.52,-176.79000000000002,Twitch_Influencer,RevShare
1488,105,2025-01-31,UK,653.01,1297.4299999999998,503.74,140.67999999999984,Telegram_Signals,CPA
1489,102,2025-01-28,NG,140.05,701.41,346.91,214.44999999999993,Twitch_Influencer,RevShare
1490,101,2025-01-25,BR,733.61,184.36,715.5,-1264.75,Google_Ads,CPA
1491,106,2025-01-13,BR,385.63,19.25,0.0,-366.38,Bonus_Hunter_Site,RevShare
1492,101,2025-01-24,NG,662.0,325.25,0.0,-336.75,Google_Ads,CPA
1493,105,2025-01-15,BR,366.95,239.36,230.2,-357.78999999999996,Telegram_Signals,CPA
1494,104,2025-01-07,IN,0.0,0.0,571.48,-571.48,Facebook_Alpha,Hybrid
1495,101,2025-01-02,BR,1032.95,635.31,0.0,-397.6400000000001,Google_Ads,CPA
1496,104,2025-01-01,NG,718.78,343.99,228.78,-603.5699999999999,Facebook_Alpha,Hybrid
1497,103,2025-01-13,BR,1080.22,675.54,203.08,-607.7600000000001,SEO_Blog_Casino,CPA
1498,104,2025-01-15,BR,0.0,927.4200000000001,768.31,159.11000000000013,Facebook_Alpha,Hybrid
1499,104,2025-01-12,UK,236.48,918.12,785.1500000000001,-103.51000000000008,Facebook_Alpha,Hybrid
1500,102,2025-01-20,NG,848.45,1000.66,559.36,-407.1500000000001,Twitch_Influencer,RevShare
1501,106,2025-01-05,IN,164.38,16.27,14.23,-162.34,Bonus_Hunter_Site,RevShare
1502,103,2025-01-09,UK,763.5799999999999,893.3,231.56,-101.83999999999992,SEO_Blog_Casino,CPA
1503,106,2025-01-19,NG,0.0,8.27,0.0,8.27,Bonus_Hunter_Site,RevShare
1504,102,2025-01-25,UK,348.68,0.0,0.0,-348.68,Twitch_Influencer,RevShare
1505,103,2025-01-24,UK,21.31,348.9,489.6,-162.01000000000005,SEO_Blog_Casino,CPA
1506,105,2025-01-23,NG,342.48,621.98,269.86,9.639999999999986,Telegram_Signals,CPA
1507,106,2025-01-17,UK,53.78,14.030000000000001,13.71,-53.46,Bonus_Hunter_Site,RevShare
1508,106,2025-01-18,IN,194.03,7.98,0.0,-186.05,Bonus_Hunter_Site,RevShare
1509,105,2025-01-15,NG,24.3,157.3,123.36,9.640000000000011,Telegram_Signals,CPA
1510,103,2025-01-02,UK,384.71000000000004,78.7,0.0,-306.01000000000005,SEO_Blog_Casino,CPA
1511,103,2025-01-09,IN,935.22,183.76999999999998,469.12,-1220.5700000000002,SEO_Blog_Casino,CPA
1512,104,2025-01-29,UK,435.22999999999996,146.31,425.15000000000003,-714.0699999999999,Facebook_Alpha,Hybrid
1513,104,2025-01-07,IN,733.88,0.0,1105.26,-1839.1399999999999,Facebook_Alpha,Hybrid
1514,105,2025-01-15,UK,714.72,0.0,417.28999999999996,-1132.01,Telegram_Signals,CPA
1515,101,2025-01-07,IN,40.04,0.0,0.0,-40.04,Google_Ads,CPA
1516,104,2025-01-04,NG,299.18,0.0,0.0,-299.18,Facebook_Alpha,Hybrid
1517,102,2025-01-12,UK,833.09,512.53,1064.34,-1384.9,Twitch_Influencer,RevShare
1518,101,2025-01-05,UK,316.99,357.96,466.44,-425.47,Google_Ads,CPA
1519,106,2025-01-10,NG,97.31,64.42,6.12,-39.01,Bonus_Hunter_Site,RevShare
1520,103,2025-01-27,UK,478.75,1117.62,313.77,325.0999999999999,SEO_Blog_Casino,CPA
1521,101,2025-01-10,BR,0.0,416.53,465.14,-48.610000000000014,Google_Ads,CPA
1522,102,2025-01-14,IN,699.94,349.97,153.44,-503.41,Twitch_Influencer,RevShare
1523,106,2025-01-05,NG,241.74,0.0,17.11,-258.85,Bonus_Hunter_Site,RevShare
1524,105,2025-01-15,UK,266.28,350.35999999999996,374.07,-289.99,Telegram_Signals,CPA
1525,103,2025-01-20,IN,185.84,0.0,470.91999999999996,-656.76,SEO_Blog_Casino,CPA
1526,106,2025-01-19,IN,130.97,30.14,7.94,-108.77,Bonus_Hunter_Site,RevShare
1527,102,2025-01-26,BR,242.78,872.43,1042.51,-412.86,Twitch_Influencer,RevShare
1528,105,2025-01-14,NG,579.19,656.44,789.25,-712.0,Telegram_Signals,CPA
1529,104,2025-01-11,UK,177.19,437.54,1093.52,-833.1700000000001,Facebook_Alpha,Hybrid
1530,105,2025-01-16,BR,0.0,0.0,239.14,-239.14,Telegram_Signals,CPA
1531,103,2025-01-03,NG,378.2,599.26,99.31,121.75,SEO_Blog_Casino,CPA
1532,101,2025-01-10,UK,1034.28,274.81,1076.79,-1836.26,Google_Ads,CPA
1533,102,2025-01-14,UK,302.2,0.0,541.6600000000001,-843.8600000000001,Twitch_Influencer,RevShare
1534,104,2025-01-14,NG,132.49,433.87,862.48,-561.1,Facebook_Alpha,Hybrid
1535,102,2025-01-25,BR,114.92,140.6,0.0,25.679999999999993,Twitch_Influencer,RevShare
1536,106,2025-01-09,BR,62.99,22.78,0.0,-40.21,Bonus_Hunter_Site,RevShare
1537,101,2025-01-12,BR,0.0,271.73,474.56,-202.82999999999998,Google_Ads,CPA
1538,103,2025-01-02,NG,765.12,489.65,0.0,-275.47,SEO_Blog_Casino,CPA
1539,101,2025-01-06,NG,893.89,0.0,0.0,-893.89,Google_Ads,CPA
1540,105,2025-01-15,BR,98.7,355.7,147.85,109.14999999999999,Telegram_Signals,CPA
1541,102,2025-01-10,UK,0.0,1038.8899999999999,175.63,863.2599999999999,Twitch_Influencer,RevShare
1542,104,2025-01-13,IN,1106.65,462.73,970.01,-1613.93,Facebook_Alpha,Hybrid
1543,104,2025-01-29,IN,227.21999999999997,1024.5,372.44,424.84,Facebook_Alpha,Hybrid
1544,102,2025-01-31,UK,0.0,0.0,323.29,-323.29,Twitch_Influencer,RevShare
1545,103,2025-01-02,IN,0.0,110.74,0.0,110.74,SEO_Blog_Casino,CPA
1546,106,2025-01-17,NG,375.39,0.0,23.09,-398.47999999999996,Bonus_Hunter_Site,RevShare
1547,102,2025-01-10,BR,465.84,0.0,0.0,-465.84,Twitch_Influencer,RevShare
1548,101,2025-01-17,IN,350.77,1358.6,438.9,568.93,Google_Ads,CPA
1549,104,2025-01-22,UK,293.23,292.01,156.47,-157.69000000000003,Facebook_Alpha,Hybrid
1550,106,2025-01-01,NG,303.98,7.42,0.0,-296.56,Bonus_Hunter_Site,RevShare
1551,103,2025-01-12,NG,959.52,330.16999999999996,448.11,-1077.46,SEO_Blog_Casino,CPA
1552,103,2025-01-09,NG,306.56,1562.83,1154.4,101.86999999999983,SEO_Blog_Casino,CPA
1553,105,2025-01-15,IN,363.69,814.02,604.23,-153.90000000000003,Telegram_Signals,CPA
1554,103,2025-01-03,IN,910.64,430.39,797.15,-1277.4,SEO_Blog_Casino,CPA
1555,106,2025-01-17,IN,0.0,6.52,0.0,6.52,Bonus_Hunter_Site,RevShare
1556,105,2025-01-03,BR,210.38,447.23,909.97,-673.12,Telegram_Signals,CPA
1557,105,2025-01-15,UK,726.78,744.35,769.84,-752.27,Telegram_Signals,CPA
1558,103,2025-01-23,UK,1471.7,49.96,621.83,-2043.5700000000002,SEO_Blog_Casino,CPA
1559,103,2025-01-06,IN,448.22,461.38,497.72,-484.56000000000006,SEO_Blog_Casino,CPA
1560,102,2025-01-08,IN,725.06,1200.25,970.65,-495.4599999999999,Twitch_Influencer,RevShare
1561,104,2025-01-03,BR,992.56,293.53,1172.08,-1871.11,Facebook_Alpha,Hybrid
1562,102,2025-01-05,IN,838.64,402.15,465.6,-902.09,Twitch_Influencer,RevShare
1563,102,2025-01-05,BR,465.17,0.0,163.6,-628.77,Twitch_Influencer,RevShare
1564,104,2025-01-30,BR,378.22,0.0,604.26,-982.48,Facebook_Alpha,Hybrid
1565,101,2025-01-24,BR,260.37,0.0,0.0,-260.37,Google_Ads,CPA
1566,101,2025-01-22,BR,685.99,719.4200000000001,526.1999999999999,-492.76999999999987,Google_Ads,CPA
1567,104,2025-01-25,NG,128.14,0.0,360.11,-488.25,Facebook_Alpha,Hybrid
1568,106,2025-01-10,BR,148.32999999999998,0.0,6.81,-155.14,Bonus_Hunter_Site,RevShare
1569,104,2025-01-02,BR,0.0,0.0,174.51,-174.51,Facebook_Alpha,Hybrid
1570,104,2025-01-20,BR,466.92,82.26,0.0,-384.66,Facebook_Alpha,Hybrid
1571,105,2025-01-15,NG,448.52,336.65999999999997,200.19,-312.05,Telegram_Signals,CPA
1572,104,2025-01-10,UK,0.0,2549.15,0.0,2549.15,Facebook_Alpha,Hybrid
1573,105,2025-01-15,UK,561.5799999999999,0.0,540.26,-1101.84,Telegram_Signals,CPA
1574,101,2025-01-27,UK,863.17,345.26,644.6500000000001,-1162.56,Google_Ads,CPA
1575,104,2025-01-02,NG,0.0,292.15,0.0,292.15,Facebook_Alpha,Hybrid
1576,102,2025-01-30,IN,496.03999999999996,848.39,155.76,196.59000000000003,Twitch_Influencer,RevShare
1577,104,2025-01-20,NG,108.02,0.0,0.0,-108.02,Facebook_Alpha,Hybrid
1578,101,2025-01-18,UK,344.63,0.0,141.01,-485.64,Google_Ads,CPA
1579,101,2025-01-23,BR,758.15,0.0,0.0,-758.15,Google_Ads,CPA
1580,101,2025-01-03,NG,220.93,1637.35,788.12,628.3,Google_Ads,CPA
1581,106,2025-01-04,IN,306.0,8.47,14.139999999999999,-311.67,Bonus_Hunter_Site,RevShare
1582,103,2025-01-27,BR,1382.88,530.24,0.0,-852.6400000000001,SEO_Blog_Casino,CPA
1583,101,2025-01-10,BR,298.51,0.0,0.0,-298.51,Google_Ads,CPA
1584,104,2025-01-28,UK,831.53,723.94,946.16,-1053.75,Facebook_Alpha,Hybrid
1585,105,2025-01-15,IN,0.0,767.51,1075.12,-307.6099999999999,Telegram_Signals,CPA
1586,104,2025-01-01,UK,678.39,782.56,0.0,104.16999999999996,Facebook_Alpha,Hybrid
1587,101,2025-01-04,UK,0.0,512.32,246.39,265.93000000000006,Google_Ads,CPA
1588,104,2025-01-22,IN,0.0,434.54,0.0,434.54,Facebook_Alpha,Hybrid
1589,103,2025-01-22,BR,121.51,0.0,410.7,-532.21,SEO_Blog_Casino,CPA
1590,103,2025-01-24,UK,328.66,282.65,45.32,-91.33000000000004,SEO_Blog_Casino,CPA
1591,103,2025-01-05,BR,1025.45,0.0,1132.4,-2157.8500000000004,SEO_Blog_Casino,CPA
1592,101,2025-01-31,BR,0.0,103.86,0.0,103.86,Google_Ads,CPA
1593,104,2025-01-04,NG,526.12,345.75,111.36,-291.73,Facebook_Alpha,Hybrid
1594,104,2025-01-19,NG,186.68,807.76,496.2,124.88,Facebook_Alpha,Hybrid
1595,101,2025-01-17,UK,0.0,232.75,0.0,232.75,Google_Ads,CPA
1596,103,2025-01-23,NG,202.53,65.41,343.09999999999997,-480.2199999999999,SEO_Blog_Casino,CPA
1597,102,2025-01-15,IN,0.0,295.27,264.35,30.91999999999996,Twitch_Influencer,RevShare
1598,103,2025-01-02,NG,62.77,0.0,0.0,-62.77,SEO_Blog_Casino,CPA
1599,106,2025-01-08,UK,0.0,38.08,0.0,38.08,Bonus_Hunter_Site,RevShare
1600,103,2025-01-21,NG,1015.51,835.72,626.02,-805.81,SEO_Blog_Casino,CPA
1601,103,2025-01-05,BR,747.3,948.22,135.2,65.72000000000003,SEO_Blog_Casino,CPA
1602,102,2025-01-14,BR,194.03,0.0,126.82,-320.85,Twitch_Influencer,RevShare
1603,105,2025-01-11,UK,219.69,153.47,285.66,-351.88,Telegram_Signals,CPA
1604,105,2025-01-15,IN,667.18,916.98,428.78999999999996,-178.9899999999999,Telegram_Signals,CPA
1605,102,2025-01-04,IN,379.78,710.0,188.49,141.73000000000002,Twitch_Influencer,RevShare
1606,103,2025-01-09,UK,0.0,633.36,373.7,259.66,SEO_Blog_Casino,CPA
1607,102,2025-01-31,IN,0.0,225.29,272.44,-47.150000000000006,Twitch_Influencer,RevShare
1608,106,2025-01-31,NG,367.22,21.950000000000003,15.22,-360.49,Bonus_Hunter_Site,RevShare
1609,102,2025-01-10,BR,1003.18,1253.52,529.4,-279.05999999999995,Twitch_Influencer,RevShare
1610,106,2025-01-19,IN,93.76,35.12,14.469999999999999,-73.11000000000001,Bonus_Hunter_Site,RevShare
1611,104,2025-01-27,IN,0.0,113.07,153.73,-40.66,Facebook_Alpha,Hybrid
1612,101,2025-01-13,BR,435.34,0.0,464.4,-899.74,Google_Ads,CPA
1613,103,2025-01-03,NG,454.36,1419.71,835.73,129.62,SEO_Blog_Casino,CPA
1614,102,2025-01-10,NG,311.56,0.0,0.0,-311.56,Twitch_Influencer,RevShare
1615,103,2025-01-27,BR,0.0,462.4,534.13,-71.73000000000002,SEO_Blog_Casino,CPA
1616,105,2025-01-31,NG,242.51,800.0699999999999,806.97,-249.41000000000008,Telegram_Signals,CPA
1617,105,2025-01-07,IN,832.27,0.0,588.76,-1421.03,Telegram_Signals,CPA
1618,102,2025-01-19,BR,0.0,187.63,0.0,187.63,Twitch_Influencer,RevShare
1619,105,2025-01-31,NG,605.43,0.0,0.0,-605.43,Telegram_Signals,CPA
1620,102,2025-01-10,NG,1007.5899999999999,605.4300000000001,193.46,-595.6199999999999,Twitch_Influencer,RevShare
1621,101,2025-01-22,NG,770.47,212.29,340.13,-898.3100000000001,Google_Ads,CPA
1622,103,2025-01-27,UK,1036.6100000000001,541.36,366.77,-862.0200000000001,SEO_Blog_Casino,CPA
1623,104,2025-01-01,BR,503.06,874.9000000000001,623.08,-251.23999999999995,Facebook_Alpha,Hybrid
1624,105,2025-01-15,IN,1401.53,774.05,0.0,-627.48,Telegram_Signals,CPA
1625,106,2025-01-10,UK,85.48,0.0,0.0,-85.48,Bonus_Hunter_Site,RevShare
1626,102,2025-01-05,IN,0.0,0.0,179.55,-179.55,Twitch_Influencer,RevShare
1627,103,2025-01-05,IN,1548.03,466.87,233.78,-1314.94,SEO_Blog_Casino,CPA
1628,104,2025-01-24,UK,1522.72,1265.79,385.73,-642.6600000000001,Facebook_Alpha,Hybrid
1629,104,2025-01-02,NG,71.49,805.14,33.66,699.99,Facebook_Alpha,Hybrid
1630,102,2025-01-13,UK,924.86,653.95,154.26,-425.16999999999996,Twitch_Influencer,RevShare
1631,101,2025-01-13,IN,649.97,755.9000000000001,118.13,-12.199999999999932,Google_Ads,CPA
1632,101,2025-01-04,UK,0.0,415.55,418.32,-2.769999999999982,Google_Ads,CPA
1633,102,2025-01-31,NG,0.0,0.0,375.52,-375.52,Twitch_Influencer,RevShare
1634,105,2025-01-15,UK,685.5999999999999,481.7,998.5699999999999,-1202.4699999999998,Telegram_Signals,CPA
1635,104,2025-01-01,BR,170.51,814.13,283.58,360.03999999999996,Facebook_Alpha,Hybrid
1636,101,2025-01-01,IN,0.0,550.0,278.44,271.56,Google_Ads,CPA
1637,104,2025-01-04,IN,261.11,1200.18,0.0,939.07,Facebook_Alpha,Hybrid
1638,105,2025-01-15,IN,0.0,361.1,985.97,-624.87,Telegram_Signals,CPA
1639,104,2025-01-15,NG,310.84,0.0,0.0,-310.84,Facebook_Alpha,Hybrid
1640,106,2025-01-06,NG,342.45,9.8,0.0,-332.65,Bonus_Hunter_Site,RevShare
1641,106,2025-01-10,UK,0.0,32.06,41.980000000000004,-9.920000000000002,Bonus_Hunter_Site,RevShare
1642,105,2025-01-15,IN,507.91999999999996,0.0,318.07,-825.99,Telegram_Signals,CPA
1643,101,2025-01-26,UK,653.75,1286.19,228.66,403.78,Google_Ads,CPA
1644,103,2025-01-21,IN,159.71,60.58,531.26,-630.39,SEO_Blog_Casino,CPA
1645,105,2025-01-15,BR,858.92,909.3,1621.46,-1571.08,Telegram_Signals,CPA
1646,104,2025-01-22,UK,107.8,172.31,256.73,-192.22000000000003,Facebook_Alpha,Hybrid
1647,103,2025-01-21,UK,77.71,0.0,0.0,-77.71,SEO_Blog_Casino,CPA
1648,103,2025-01-24,NG,0.0,262.17,0.0,262.17,SEO_Blog_Casino,CPA
1649,106,2025-01-10,NG,91.23,0.0,6.15,-97.38000000000001,Bonus_Hunter_Site,RevShare
1650,104,2025-01-19,NG,0.0,0.0,453.57,-453.57,Facebook_Alpha,Hybrid
1651,106,2025-01-25,IN,362.94,5.87,29.59,-386.65999999999997,Bonus_Hunter_Site,RevShare
1652,102,2025-01-27,UK,146.33,784.34,0.0,638.01,Twitch_Influencer,RevShare
1653,104,2025-01-28,BR,373.69,581.39,1418.17,-1210.47,Facebook_Alpha,Hybrid
1654,103,2025-01-24,IN,905.24,678.22,494.84,-721.8599999999999,SEO_Blog_Casino,CPA
1655,106,2025-01-02,UK,132.7,5.13,12.879999999999999,-140.45,Bonus_Hunter_Site,RevShare
1656,104,2025-01-02,NG,27.31,431.06,0.0,403.75,Facebook_Alpha,Hybrid
1657,103,2025-01-30,UK,430.19,189.25,1531.04,-1771.98,SEO_Blog_Casino,CPA
1658,102,2025-01-09,UK,208.42,0.0,946.8,-1155.22,Twitch_Influencer,RevShare
1659,103,2025-01-04,IN,186.10999999999999,1110.1399999999999,689.79,234.23999999999992,SEO_Blog_Casino,CPA
1660,102,2025-01-11,UK,880.23,669.5699999999999,1165.97,-1376.63,Twitch_Influencer,RevShare
1661,101,2025-01-29,NG,553.65,405.25,2056.2400000000002,-2204.6400000000003,Google_Ads,CPA
1662,101,2025-01-05,IN,973.15,645.73,423.39,-750.81,Google_Ads,CPA
1663,106,2025-01-29,UK,201.74,12.33,8.41,-197.82000000000002,Bonus_Hunter_Site,RevShare
1664,105,2025-01-02,UK,1795.19,272.07,322.83,-1845.95,Telegram_Signals,CPA
1665,104,2025-01-23,IN,63.88,475.06,0.0,411.18,Facebook_Alpha,Hybrid
1666,104,2025-01-30,BR,691.6700000000001,552.52,727.5400000000001,-866.6900000000002,Facebook_Alpha,Hybrid
1667,103,2025-01-18,IN,0.0,0.0,360.67,-360.67,SEO_Blog_Casino,CPA
1668,106,2025-01-06,UK,319.66,6.42,24.06,-337.3,Bonus_Hunter_Site,RevShare
1669,101,2025-01-05,UK,30.27,22.67,0.0,-7.599999999999998,Google_Ads,CPA
1670,105,2025-01-15,NG,736.3,900.3399999999999,0.0,164.03999999999996,Telegram_Signals,CPA
1671,104,2025-01-11,IN,370.47999999999996,1351.67,619.39,361.8000000000001,Facebook_Alpha,Hybrid
1672,102,2025-01-22,NG,14.96,910.8999999999999,624.8199999999999,271.11999999999995,Twitch_Influencer,RevShare
1673,103,2025-01-13,IN,421.52,341.29,0.0,-80.22999999999996,SEO_Blog_Casino,CPA
1674,104,2025-01-23,IN,101.38,350.48,83.78,165.32000000000005,Facebook_Alpha,Hybrid
1675,105,2025-01-15,NG,381.20000000000005,1322.44,0.0,941.24,Telegram_Signals,CPA
1676,105,2025-01-21,BR,251.76,191.83,493.79999999999995,-553.7299999999999,Telegram_Signals,CPA
1677,105,2025-01-15,BR,377.73,237.67,1426.88,-1566.94,Telegram_Signals,CPA
1678,106,2025-01-21,IN,0.0,8.77,16.35,-7.580000000000002,Bonus_Hunter_Site,RevShare
1679,101,2025-01-19,IN,96.49,953.2,1455.96,-599.25,Google_Ads,CPA
1680,106,2025-01-16,IN,412.67,11.51,21.85,-423.01,Bonus_Hunter_Site,RevShare
1681,105,2025-01-15,IN,225.96,45.69,0.0,-180.27,Telegram_Signals,CPA
1682,106,2025-01-16,NG,0.0,8.91,0.0,8.91,Bonus_Hunter_Site,RevShare
1683,101,2025-01-11,NG,349.71,133.47,609.52,-825.76,Google_Ads,CPA
1684,106,2025-01-23,NG,310.85,25.479999999999997,24.33,-309.70000000000005,Bonus_Hunter_Site,RevShare
1685,106,2025-01-18,BR,149.35999999999999,6.1,24.32,-167.57999999999998,Bonus_Hunter_Site,RevShare
1686,103,2025-01-19,UK,230.23,0.0,291.81,-522.04,SEO_Blog_Casino,CPA
1687,101,2025-01-18,NG,466.66999999999996,529.11,0.0,62.440000000000055,Google_Ads,CPA
1688,106,2025-01-26,IN,120.99000000000001,16.62,37.2,-141.57000000000002,Bonus_Hunter_Site,RevShare
1689,106,2025-01-05,UK,150.64000000000001,14.24,29.55,-165.95000000000002,Bonus_Hunter_Site,RevShare
1690,106,2025-01-23,BR,129.02,22.75,14.530000000000001,-120.80000000000001,Bonus_Hunter_Site,RevShare
1691,104,2025-01-10,IN,0.0,94.65,347.15,-252.49999999999997,Facebook_Alpha,Hybrid
1692,101,2025-01-23,BR,903.7,1120.62,414.17,-197.25000000000023,Google_Ads,CPA
1693,103,2025-01-23,BR,797.8599999999999,0.0,0.0,-797.8599999999999,SEO_Blog_Casino,CPA
1694,105,2025-01-12,IN,470.35999999999996,129.65,585.36,-926.0699999999999,Telegram_Signals,CPA
1695,103,2025-01-29,BR,1658.27,709.95,449.87,-1398.19,SEO_Blog_Casino,CPA
1696,104,2025-01-19,NG,0.0,0.0,178.14,-178.14,Facebook_Alpha,Hybrid
1697,104,2025-01-11,UK,417.0,207.79,484.16999999999996,-693.38,Facebook_Alpha,Hybrid
1698,104,2025-01-23,BR,1221.87,220.51,0.0,-1001.3599999999999,Facebook_Alpha,Hybrid
1699,104,2025-01-30,UK,0.0,0.0,392.57,-392.57,Facebook_Alpha,Hybrid
1700,105,2025-01-15,IN,0.0,461.34,0.0,461.34,Telegram_Signals,CPA
1701,102,2025-01-27,NG,0.0,428.32,71.95,356.37,Twitch_Influencer,RevShare
1702,103,2025-01-16,IN,748.4000000000001,645.3100000000001,326.87,-429.96000000000004,SEO_Blog_Casino,CPA
1703,103,2025-01-24,UK,843.53,871.13,158.32,-130.72000000000003,SEO_Blog_Casino,CPA
1704,103,2025-01-08,BR,1086.06,880.8199999999999,390.5,-595.74,SEO_Blog_Casino,CPA
1705,106,2025-01-07,UK,150.12,32.42,8.37,-126.07,Bonus_Hunter_Site,RevShare
1706,102,2025-01-18,NG,270.67,288.06,872.18,-854.79,Twitch_Influencer,RevShare
1707,101,2025-01-16,UK,1033.04,180.21,614.42,-1467.25,Google_Ads,CPA
1708,106,2025-01-04,BR,0.0,8.07,9.7,-1.629999999999999,Bonus_Hunter_Site,RevShare
1709,106,2025-01-23,UK,214.39,0.0,0.0,-214.39,Bonus_Hunter_Site,RevShare
1710,105,2025-01-15,IN,908.0,703.24,0.0,-204.76,Telegram_Signals,CPA
1711,101,2025-01-18,NG,0.0,147.48,521.9100000000001,-374.43000000000006,Google_Ads,CPA
1712,102,2025-01-29,NG,1160.18,699.8199999999999,1086.55,-1546.91,Twitch_Influencer,RevShare
1713,102,2025-01-01,BR,853.77,647.37,539.9,-746.3,Twitch_Influencer,RevShare
1714,104,2025-01-16,NG,1397.52,444.79,287.11,-1239.84,Facebook_Alpha,Hybrid
1715,103,2025-01-13,IN,406.88,0.0,1317.1299999999999,-1724.0099999999998,SEO_Blog_Casino,CPA
1716,106,2025-01-21,UK,86.75,0.0,9.65,-96.4,Bonus_Hunter_Site,RevShare
1717,102,2025-01-05,IN,817.5,570.86,0.0,-246.64,Twitch_Influencer,RevShare
1718,101,2025-01-25,IN,942.3299999999999,481.31,1032.75,-1493.77,Google_Ads,CPA
1719,101,2025-01-11,IN,657.17,299.65000000000003,312.02,-669.54,Google_Ads,CPA
1720,105,2025-01-15,IN,236.7,1124.94,868.53,19.710000000000093,Telegram_Signals,CPA
1721,102,2025-01-08,NG,836.09,904.38,779.08,-710.7900000000001,Twitch_Influencer,RevShare
1722,103,2025-01-12,NG,1341.7,271.61,584.23,-1654.3200000000002,SEO_Blog_Casino,CPA
1723,105,2025-01-15,IN,0.0,773.45,16.7,756.75,Telegram_Signals,CPA
1724,104,2025-01-27,IN,425.45,1246.71,661.78,159.48000000000008,Facebook_Alpha,Hybrid
1725,103,2025-01-12,NG,378.44,322.71,257.68,-313.41,SEO_Blog_Casino,CPA
1726,106,2025-01-23,NG,170.68,47.34,11.2,-134.54000000000002,Bonus_Hunter_Site,RevShare
1727,106,2025-01-19,IN,289.28999999999996,14.870000000000001,13.42,-287.84,Bonus_Hunter_Site,RevShare
1728,104,2025-01-18,IN,639.26,469.08000000000004,343.54,-513.72,Facebook_Alpha,Hybrid
1729,103,2025-01-04,BR,425.21,468.16,471.31000000000006,-428.36,SEO_Blog_Casino,CPA
1730,104,2025-01-16,UK,914.95,512.46,218.84,-621.33,Facebook_Alpha,Hybrid
1731,102,2025-01-03,BR,0.0,364.63,0.0,364.63,Twitch_Influencer,RevShare
1732,104,2025-01-20,IN,408.47999999999996,77.09,835.0600000000001,-1166.45,Facebook_Alpha,Hybrid
1733,101,2025-01-23,UK,398.02,217.42,0.0,-180.6,Google_Ads,CPA
1734,104,2025-01-01,UK,557.87,1474.0,0.0,916.13,Facebook_Alpha,Hybrid
1735,105,2025-01-31,NG,469.66,839.24,1230.6599999999999,-861.0799999999999,Telegram_Signals,CPA
1736,105,2025-01-15,BR,0.0,0.0,147.89,-147.89,Telegram_Signals,CPA
1737,102,2025-01-23,IN,707.81,220.9,704.92,-1191.83,Twitch_Influencer,RevShare
1738,102,2025-01-18,IN,317.73,397.12,741.87,-662.48,Twitch_Influencer,RevShare
1739,103,2025-01-01,NG,783.83,824.79,708.75,-667.7900000000001,SEO_Blog_Casino,CPA
1740,102,2025-01-17,NG,917.89,557.5899999999999,499.58,-859.8800000000001,Twitch_Influencer,RevShare
1741,103,2025-01-05,IN,424.46000000000004,365.33,797.1600000000001,-856.2900000000002,SEO_Blog_Casino,CPA
1742,101,2025-01-26,UK,0.0,1695.51,191.47,1504.04,Google_Ads,CPA
1743,102,2025-01-09,IN,1252.82,52.73,526.37,-1726.46,Twitch_Influencer,RevShare
1744,102,2025-01-14,UK,797.63,765.1,557.48,-590.01,Twitch_Influencer,RevShare
1745,103,2025-01-09,NG,198.03,0.0,729.63,-927.66,SEO_Blog_Casino,CPA
1746,102,2025-01-10,NG,422.28,594.45,347.93,-175.75999999999993,Twitch_Influencer,RevShare
1747,104,2025-01-26,UK,677.51,515.8100000000001,130.81,-292.50999999999993,Facebook_Alpha,Hybrid
1748,106,2025-01-23,UK,233.76,18.18,8.38,-223.95999999999998,Bonus_Hunter_Site,RevShare
1749,105,2025-01-15,NG,753.1600000000001,279.79,1465.1100000000001,-1938.4800000000002,Telegram_Signals,CPA
1750,103,2025-01-24,NG,571.63,0.0,778.39,-1350.02,SEO_Blog_Casino,CPA
1751,106,2025-01-21,NG,84.36,5.49,27.73,-106.6,Bonus_Hunter_Site,RevShare
1752,104,2025-01-21,BR,0.0,512.4100000000001,0.0,512.4100000000001,Facebook_Alpha,Hybrid
1753,104,2025-01-06,UK,1016.87,287.71,865.6400000000001,-1594.8000000000002,Facebook_Alpha,Hybrid
1754,102,2025-01-26,NG,385.28,398.36,503.78,-490.69999999999993,Twitch_Influencer,RevShare
1755,106,2025-01-25,IN,157.78,31.05,0.0,-126.73,Bonus_Hunter_Site,RevShare
1756,101,2025-01-16,BR,645.3,341.68,525.0500000000001,-828.6700000000001,Google_Ads,CPA
1757,103,2025-01-15,UK,280.78,26.48,84.33,-338.63,SEO_Blog_Casino,CPA
1758,103,2025-01-21,NG,666.02,377.59,0.0,-288.43,SEO_Blog_Casino,CPA
1759,106,2025-01-03,NG,306.27,14.66,28.87,-320.47999999999996,Bonus_Hunter_Site,RevShare
1760,105,2025-01-15,BR,104.32,414.97,0.0,310.65000000000003,Telegram_Signals,CPA
1761,101,2025-01-21,BR,167.07,195.84,927.98,-899.21,Google_Ads,CPA
1762,101,2025-01-16,UK,0.0,759.51,371.31,388.2,Google_Ads,CPA
1763,104,2025-01-05,UK,1885.75,632.66,279.84,-1532.93,Facebook_Alpha,Hybrid
1764,105,2025-01-15,BR,876.6800000000001,182.78,0.0,-693.9000000000001,Telegram_Signals,CPA
1765,105,2025-01-15,BR,1054.08,746.1300000000001,638.53,-946.4799999999998,Telegram_Signals,CPA
1766,105,2025-01-15,NG,818.4,1279.9099999999999,208.84,252.66999999999996,Telegram_Signals,CPA
1767,103,2025-01-03,IN,915.5,534.04,485.58,-867.04,SEO_Blog_Casino,CPA
1768,105,2025-01-15,UK,906.85,701.95,0.0,-204.89999999999998,Telegram_Signals,CPA
1769,102,2025-01-31,NG,0.0,0.0,36.24,-36.24,Twitch_Influencer,RevShare
1770,103,2025-01-04,UK,414.15,63.76,0.0,-350.39,SEO_Blog_Casino,CPA
1771,105,2025-01-28,NG,451.15999999999997,336.34999999999997,880.48,-995.2900000000001,Telegram_Signals,CPA
1772,106,2025-01-15,UK,0.0,8.44,0.0,8.44,Bonus_Hunter_Site,RevShare
1773,103,2025-01-17,BR,139.55,1080.99,426.63,514.81,SEO_Blog_Casino,CPA
1774,102,2025-01-03,UK,454.44,1250.41,910.63,-114.65999999999991,Twitch_Influencer,RevShare
1775,106,2025-01-11,IN,316.3,11.34,13.44,-318.40000000000003,Bonus_Hunter_Site,RevShare
1776,102,2025-01-01,IN,392.1,944.71,35.98,516.63,Twitch_Influencer,RevShare
1777,105,2025-01-12,BR,474.87,796.11,0.0,321.24,Telegram_Signals,CPA
1778,102,2025-01-01,IN,0.0,497.83,165.36,332.46999999999997,Twitch_Influencer,RevShare
1779,101,2025-01-22,IN,1818.17,671.46,513.98,-1660.69,Google_Ads,CPA
1780,103,2025-01-09,BR,229.24,0.0,439.08000000000004,-668.32,SEO_Blog_Casino,CPA
1781,102,2025-01-19,BR,858.71,956.12,0.0,97.40999999999997,Twitch_Influencer,RevShare
1782,102,2025-01-01,NG,20.68,117.17,831.9200000000001,-735.4300000000001,Twitch_Influencer,RevShare
1783,102,2025-01-21,BR,0.0,599.3299999999999,1313.03,-713.7,Twitch_Influencer,RevShare
1784,104,2025-01-03,IN,164.28,0.0,0.0,-164.28,Facebook_Alpha,Hybrid
1785,101,2025-01-29,BR,1234.8600000000001,1142.74,314.87,-406.9900000000001,Google_Ads,CPA
1786,103,2025-01-02,BR,373.27,637.48,454.22,-190.01,SEO_Blog_Casino,CPA
1787,103,2025-01-21,BR,332.45,0.0,366.03,-698.48,SEO_Blog_Casino,CPA
1788,106,2025-01-03,IN,253.85000000000002,20.78,25.189999999999998,-258.26,Bonus_Hunter_Site,RevShare
1789,103,2025-01-04,UK,48.0,415.93,468.38,-100.44999999999999,SEO_Blog_Casino,CPA
1790,102,2025-01-14,IN,233.87,1449.29,230.2,985.2199999999999,Twitch_Influencer,RevShare
1791,103,2025-01-27,BR,193.51,435.86,843.07,-600.72,SEO_Blog_Casino,CPA
1792,101,2025-01-09,IN,64.68,0.0,0.0,-64.68,Google_Ads,CPA
1793,102,2025-01-10,IN,50.72,390.64,644.2099999999999,-304.28999999999996,Twitch_Influencer,RevShare
1794,101,2025-01-07,NG,0.0,741.6,685.5,56.10000000000002,Google_Ads,CPA
1795,104,2025-01-16,NG,314.16,310.51,1177.44,-1181.0900000000001,Facebook_Alpha,Hybrid
1796,105,2025-01-15,IN,645.3900000000001,1169.74,1099.79,-575.44,Telegram_Signals,CPA
1797,106,2025-01-24,UK,238.13,9.86,0.0,-228.26999999999998,Bonus_Hunter_Site,RevShare
1798,104,2025-01-19,UK,1282.8400000000001,134.15,0.0,-1148.69,Facebook_Alpha,Hybrid
1799,106,2025-01-26,NG,0.0,8.28,0.0,8.28,Bonus_Hunter_Site,RevShare
1800,106,2025-01-10,UK,74.72,6.53,23.83,-92.02,Bonus_Hunter_Site,RevShare
1801,105,2025-01-15,BR,61.75,361.52,550.78,-251.01,Telegram_Signals,CPA
1802,102,2025-01-17,BR,14.58,156.47,0.0,141.89,Twitch_Influencer,RevShare
1803,104,2025-01-10,NG,0.0,108.92,205.29,-96.36999999999999,Facebook_Alpha,Hybrid
1804,104,2025-01-02,UK,0.0,0.0,436.69,-436.69,Facebook_Alpha,Hybrid
1805,106,2025-01-06,NG,0.0,33.16,12.59,20.569999999999997,Bonus_Hunter_Site,RevShare
1806,101,2025-01-29,UK,709.6800000000001,795.05,693.89,-608.5200000000001,Google_Ads,CPA
1807,105,2025-01-26,NG,35.55,495.42,108.24,351.63,Telegram_Signals,CPA
1808,105,2025-01-15,IN,14.07,0.0,404.52,-418.59,Telegram_Signals,CPA
1809,102,2025-01-28,IN,531.8000000000001,0.0,0.0,-531.8000000000001,Twitch_Influencer,RevShare
1810,104,2025-01-26,UK,250.06,395.05,697.84,-552.85,Facebook_Alpha,Hybrid
1811,103,2025-01-15,UK,498.86,855.77,102.82,254.09000000000003,SEO_Blog_Casino,CPA
1812,105,2025-01-15,NG,298.09,503.95,290.06,-84.19999999999999,Telegram_Signals,CPA
1813,104,2025-01-13,NG,186.16,0.0,466.62,-652.78,Facebook_Alpha,Hybrid
1814,103,2025-01-02,BR,1131.88,114.5,392.49,-1409.8700000000001,SEO_Blog_Casino,CPA
1815,105,2025-01-19,NG,1045.1399999999999,0.0,486.59999999999997,-1531.7399999999998,Telegram_Signals,CPA
1816,106,2025-01-11,BR,363.34000000000003,0.0,30.69,-394.03000000000003,Bonus_Hunter_Site,RevShare
1817,105,2025-01-09,NG,452.46000000000004,254.03,496.88,-695.3100000000001,Telegram_Signals,CPA
1818,102,2025-01-16,BR,1525.03,402.65,54.41,-1176.79,Twitch_Influencer,RevShare
1819,103,2025-01-01,BR,0.0,264.16,0.0,264.16,SEO_Blog_Casino,CPA
1820,105,2025-01-15,BR,0.0,0.0,184.33,-184.33,Telegram_Signals,CPA
1821,105,2025-01-15,IN,176.57,699.48,0.0,522.9100000000001,Telegram_Signals,CPA
1822,102,2025-01-10,BR,21.23,750.23,0.0,729.0,Twitch_Influencer,RevShare
1823,103,2025-01-31,NG,560.29,368.69,593.06,-784.6599999999999,SEO_Blog_Casino,CPA
1824,106,2025-01-14,IN,166.26,25.200000000000003,29.31,-170.36999999999998,Bonus_Hunter_Site,RevShare
1825,104,2025-01-21,NG,680.3100000000001,241.84,1203.59,-1642.06,Facebook_Alpha,Hybrid
1826,102,2025-01-15,IN,478.73,476.8,1309.1,-1311.03,Twitch_Influencer,RevShare
1827,104,2025-01-04,BR,237.0,0.0,954.06,-1191.06,Facebook_Alpha,Hybrid
1828,102,2025-01-30,NG,0.0,0.0,222.16,-222.16,Twitch_Influencer,RevShare
1829,106,2025-01-14,IN,404.01,21.71,15.1,-397.4,Bonus_Hunter_Site,RevShare
1830,101,2025-01-28,BR,588.11,61.65,744.8399999999999,-1271.3,Google_Ads,CPA
1831,101,2025-01-01,NG,59.03,156.08,246.24,-149.19,Google_Ads,CPA
1832,101,2025-01-10,NG,0.0,0.0,436.79,-436.79,Google_Ads,CPA
1833,105,2025-01-10,BR,380.31,542.65,1931.33,-1768.9899999999998,Telegram_Signals,CPA
1834,103,2025-01-17,NG,248.25,0.0,11.64,-259.89,SEO_Blog_Casino,CPA
1835,105,2025-01-04,NG,809.58,241.39000000000001,1142.33,-1710.52,Telegram_Signals,CPA
1836,105,2025-01-28,BR,534.63,1023.77,315.63,173.51,Telegram_Signals,CPA
1837,105,2025-01-15,UK,526.07,127.49,651.8299999999999,-1050.4099999999999,Telegram_Signals,CPA
1838,106,2025-01-05,NG,89.0,14.35,0.0,-74.65,Bonus_Hunter_Site,RevShare
1839,105,2025-01-06,BR,435.88,0.0,36.43,-472.31,Telegram_Signals,CPA
1840,101,2025-01-29,BR,0.0,302.59,146.74,155.84999999999997,Google_Ads,CPA
1841,104,2025-01-13,NG,0.0,621.89,869.1800000000001,-247.29000000000008,Facebook_Alpha,Hybrid
1842,106,2025-01-09,NG,406.08,23.9,0.0,-382.18,Bonus_Hunter_Site,RevShare
1843,103,2025-01-03,UK,1052.33,497.90000000000003,1004.3199999999999,-1558.7499999999998,SEO_Blog_Casino,CPA
1844,101,2025-01-11,NG,1400.58,371.68,99.8,-1128.6999999999998,Google_Ads,CPA
1845,106,2025-01-31,NG,75.14,6.97,6.55,-74.72,Bonus_Hunter_Site,RevShare
1846,103,2025-01-08,BR,0.0,229.14,333.45,-104.31,SEO_Blog_Casino,CPA
1847,101,2025-01-20,BR,0.0,1126.3400000000001,497.75,628.5900000000001,Google_Ads,CPA
1848,102,2025-01-27,IN,0.0,134.43,58.03,76.4,Twitch_Influencer,RevShare
1849,106,2025-01-12,NG,57.22,8.21,0.0,-49.01,Bonus_Hunter_Site,RevShare
1850,101,2025-01-03,NG,453.41,1265.18,225.77999999999997,585.99,Google_Ads,CPA
1851,101,2025-01-29,UK,1192.4499999999998,303.98,484.26,-1372.7299999999998,Google_Ads,CPA
1852,101,2025-01-22,NG,481.5,696.8,70.71,144.58999999999992,Google_Ads,CPA
1853,104,2025-01-12,UK,0.0,393.08,0.0,393.08,Facebook_Alpha,Hybrid
1854,103,2025-01-05,BR,0.0,76.39,76.86,-0.46999999999999886,SEO_Blog_Casino,CPA
1855,102,2025-01-05,NG,666.15,207.85,880.2,-1338.5,Twitch_Influencer,RevShare
1856,102,2025-01-17,IN,209.66,352.88,253.43,-110.21000000000001,Twitch_Influencer,RevShare
1857,104,2025-01-30,UK,809.72,713.99,393.01,-488.74,Facebook_Alpha,Hybrid
1858,103,2025-01-16,UK,759.02,1545.95,295.95,490.98,SEO_Blog_Casino,CPA
1859,102,2025-01-25,NG,452.84,1184.83,1051.0,-319.01000000000005,Twitch_Influencer,RevShare
1860,104,2025-01-28,BR,0.0,162.9,415.06,-252.16,Facebook_Alpha,Hybrid
1861,104,2025-01-01,UK,44.01,447.57,254.52,149.04,Facebook_Alpha,Hybrid
1862,101,2025-01-15,IN,271.07,213.11,0.0,-57.95999999999998,Google_Ads,CPA
1863,104,2025-01-07,IN,0.0,951.48,1222.58,-271.0999999999999,Facebook_Alpha,Hybrid
1864,104,2025-01-22,BR,381.45,67.6,291.14,-604.99,Facebook_Alpha,Hybrid
1865,104,2025-01-28,IN,237.41,800.56,0.0,563.15,Facebook_Alpha,Hybrid
1866,104,2025-01-28,UK,519.52,1108.65,1200.59,-611.4599999999998,Facebook_Alpha,Hybrid
1867,106,2025-01-04,IN,390.27,8.05,23.66,-405.88,Bonus_Hunter_Site,RevShare
1868,102,2025-01-18,BR,251.26,468.15,646.49,-429.6,Twitch_Influencer,RevShare
1869,105,2025-01-13,IN,395.59,1067.6599999999999,642.3000000000001,29.76999999999981,Telegram_Signals,CPA
1870,101,2025-01-03,NG,1337.35,325.83,1222.89,-2234.41,Google_Ads,CPA
1871,103,2025-01-30,BR,556.55,250.57,380.37,-686.3499999999999,SEO_Blog_Casino,CPA
1872,106,2025-01-24,IN,228.76,26.4,33.849999999999994,-236.20999999999998,Bonus_Hunter_Site,RevShare
1873,101,2025-01-20,IN,535.77,984.05,0.0,448.28,Google_Ads,CPA
1874,101,2025-01-10,UK,348.65999999999997,0.0,0.0,-348.65999999999997,Google_Ads,CPA
1875,104,2025-01-03,BR,454.11,1231.85,760.44,17.29999999999984,Facebook_Alpha,Hybrid
1876,103,2025-01-05,IN,64.29,0.0,0.0,-64.29,SEO_Blog_Casino,CPA
1877,106,2025-01-13,UK,114.73,13.66,0.0,-101.07000000000001,Bonus_Hunter_Site,RevShare
1878,103,2025-01-16,UK,835.74,859.81,251.36,-227.29000000000008,SEO_Blog_Casino,CPA
1879,104,2025-01-23,IN,0.0,696.7,244.22,452.48,Facebook_Alpha,Hybrid
1880,102,2025-01-14,UK,193.15,630.21,338.09,98.97000000000006,Twitch_Influencer,RevShare
1881,106,2025-01-24,UK,61.39,21.53,17.97,-57.83,Bonus_Hunter_Site,RevShare
1882,105,2025-01-24,IN,1173.65,640.72,221.82,-754.75,Telegram_Signals,CPA
1883,103,2025-01-23,BR,0.0,0.0,493.85,-493.85,SEO_Blog_Casino,CPA
1884,103,2025-01-25,BR,0.0,415.86,0.0,415.86,SEO_Blog_Casino,CPA
1885,106,2025-01-01,NG,79.3,0.0,23.93,-103.22999999999999,Bonus_Hunter_Site,RevShare
1886,106,2025-01-01,UK,294.07,9.97,0.0,-284.09999999999997,Bonus_Hunter_Site,RevShare
1887,103,2025-01-24,NG,351.45,1177.57,0.0,826.1199999999999,SEO_Blog_Casino,CPA
1888,105,2025-01-24,BR,206.42,167.47,1515.6399999999999,-1554.59,Telegram_Signals,CPA
1889,105,2025-01-15,IN,386.83,788.0,282.72,118.44999999999999,Telegram_Signals,CPA
1890,105,2025-01-29,NG,376.82000000000005,119.96,754.8599999999999,-1011.7199999999999,Telegram_Signals,CPA
1891,103,2025-01-18,IN,169.66,0.0,0.0,-169.66,SEO_Blog_Casino,CPA
1892,104,2025-01-15,IN,1531.0700000000002,394.19,150.66,-1287.5400000000002,Facebook_Alpha,Hybrid
1893,106,2025-01-12,IN,418.09000000000003,5.05,15.64,-428.68,Bonus_Hunter_Site,RevShare
1894,106,2025-01-01,IN,68.81,15.92,7.4,-60.290000000000006,Bonus_Hunter_Site,RevShare
1895,103,2025-01-01,BR,0.0,0.0,279.47,-279.47,SEO_Blog_Casino,CPA
1896,105,2025-01-25,UK,0.0,66.51,0.0,66.51,Telegram_Signals,CPA
1897,105,2025-01-15,NG,616.09,803.72,516.6,-328.97,Telegram_Signals,CPA
1898,102,2025-01-03,UK,1995.6999999999998,1120.2,202.25,-1077.7499999999998,Twitch_Influencer,RevShare
1899,105,2025-01-15,IN,743.49,1297.58,155.47,398.6199999999999,Telegram_Signals,CPA
1900,104,2025-01-20,IN,1086.52,577.01,503.42,-1012.9300000000001,Facebook_Alpha,Hybrid
1901,101,2025-01-14,BR,110.71,0.0,0.0,-110.71,Google_Ads,CPA
1902,104,2025-01-15,UK,369.27,998.99,524.56,105.16000000000008,Facebook_Alpha,Hybrid
1903,102,2025-01-11,BR,348.97,0.0,326.12,-675.09,Twitch_Influencer,RevShare
1904,102,2025-01-01,BR,521.31,768.8800000000001,161.97,85.60000000000014,Twitch_Influencer,RevShare
1905,105,2025-01-06,UK,88.34,120.51,0.0,32.17,Telegram_Signals,CPA
1906,105,2025-01-18,BR,518.9399999999999,702.6800000000001,613.6800000000001,-429.93999999999994,Telegram_Signals,CPA
1907,103,2025-01-12,UK,549.77,1518.77,242.21,726.79,SEO_Blog_Casino,CPA
1908,102,2025-01-09,IN,449.99,381.1,1349.25,-1418.1399999999999,Twitch_Influencer,RevShare
1909,103,2025-01-31,NG,159.67,0.0,77.39,-237.06,SEO_Blog_Casino,CPA
1910,101,2025-01-20,IN,1153.93,979.04,829.1700000000001,-1004.0600000000002,Google_Ads,CPA
1911,101,2025-01-31,BR,654.47,618.04,737.5699999999999,-774.0,Google_Ads,CPA
1912,102,2025-01-12,BR,253.13,463.48,0.0,210.35000000000002,Twitch_Influencer,RevShare
1913,102,2025-01-03,IN,847.4300000000001,1088.15,418.96000000000004,-178.24,Twitch_Influencer,RevShare
1914,101,2025-01-05,BR,525.11,0.0,36.2,-561.3100000000001,Google_Ads,CPA
1915,104,2025-01-11,NG,89.83,1552.62,2012.35,-549.5600000000001,Facebook_Alpha,Hybrid
1916,102,2025-01-20,UK,0.0,0.0,347.61,-347.61,Twitch_Influencer,RevShare
1917,104,2025-01-24,BR,312.42,858.6400000000001,160.26,385.9600000000001,Facebook_Alpha,Hybrid
1918,105,2025-01-15,UK,382.12,591.59,1463.9,-1254.43,Telegram_Signals,CPA
1919,105,2025-01-25,BR,0.0,290.28,211.55,78.72999999999996,Telegram_Signals,CPA
1920,106,2025-01-23,IN,92.91,7.54,8.68,-94.05,Bonus_Hunter_Site,RevShare
1921,101,2025-01-15,UK,0.0,0.0,494.32,-494.32,Google_Ads,CPA
1922,103,2025-01-12,BR,85.35,0.0,344.93,-430.28,SEO_Blog_Casino,CPA
1923,102,2025-01-21,IN,483.52,392.84,0.0,-90.68,Twitch_Influencer,RevShare
1924,106,2025-01-16,NG,93.43,13.62,32.3,-112.11000000000001,Bonus_Hunter_Site,RevShare
1925,104,2025-01-09,UK,0.0,474.12,0.0,474.12,Facebook_Alpha,Hybrid
1926,103,2025-01-12,NG,928.79,591.98,592.45,-929.26,SEO_Blog_Casino,CPA
1927,103,2025-01-27,UK,550.31,1238.95,578.1700000000001,110.47000000000003,SEO_Blog_Casino,CPA
1928,104,2025-01-27,UK,390.05,376.97,235.73999999999998,-248.81999999999996,Facebook_Alpha,Hybrid
1929,104,2025-01-06,NG,731.78,41.59,280.55,-970.74,Facebook_Alpha,Hybrid
1930,101,2025-01-01,NG,494.18,256.29,0.0,-237.89,Google_Ads,CPA
1931,101,2025-01-13,BR,489.53999999999996,639.77,642.48,-492.25,Google_Ads,CPA
1932,106,2025-01-17,BR,80.59,8.56,0.0,-72.03,Bonus_Hunter_Site,RevShare
1933,101,2025-01-21,IN,633.9,98.34,18.56,-554.12,Google_Ads,CPA
1934,105,2025-01-02,NG,79.59,459.67,16.24,363.84000000000003,Telegram_Signals,CPA
1935,106,2025-01-06,UK,85.3,13.18,0.0,-72.12,Bonus_Hunter_Site,RevShare
1936,105,2025-01-17,IN,112.23,156.73,609.0999999999999,-564.5999999999999,Telegram_Signals,CPA
1937,101,2025-01-21,IN,0.0,470.12,0.0,470.12,Google_Ads,CPA
1938,106,2025-01-27,IN,121.78,19.67,38.07,-140.18,Bonus_Hunter_Site,RevShare
1939,102,2025-01-10,BR,0.0,442.03,312.13,129.89999999999998,Twitch_Influencer,RevShare
1940,102,2025-01-30,UK,628.6999999999999,831.27,0.0,202.57000000000005,Twitch_Influencer,RevShare
1941,105,2025-01-30,BR,0.0,153.66,0.0,153.66,Telegram_Signals,CPA
1942,103,2025-01-09,NG,204.14,0.0,492.38,-696.52,SEO_Blog_Casino,CPA
1943,104,2025-01-28,IN,395.75,0.0,244.37,-640.12,Facebook_Alpha,Hybrid
1944,104,2025-01-17,UK,608.81,233.69,677.9200000000001,-1053.04,Facebook_Alpha,Hybrid
1945,101,2025-01-18,BR,659.49,1027.8899999999999,496.40999999999997,-128.0100000000001,Google_Ads,CPA
1946,104,2025-01-07,UK,0.0,199.63,313.21,-113.57999999999998,Facebook_Alpha,Hybrid
1947,103,2025-01-15,UK,61.06,333.08,424.92,-152.90000000000003,SEO_Blog_Casino,CPA
1948,103,2025-01-05,BR,957.55,632.34,675.74,-1000.9499999999999,SEO_Blog_Casino,CPA
1949,103,2025-01-30,IN,0.0,618.14,325.54,292.59999999999997,SEO_Blog_Casino,CPA
1950,106,2025-01-10,IN,311.25,18.23,13.96,-306.98,Bonus_Hunter_Site,RevShare
1951,102,2025-01-27,IN,526.97,968.9200000000001,444.9,-2.949999999999932,Twitch_Influencer,RevShare
1952,106,2025-01-21,IN,91.81,20.490000000000002,0.0,-71.32,Bonus_Hunter_Site,RevShare
1953,101,2025-01-04,UK,0.0,0.0,55.78,-55.78,Google_Ads,CPA
1954,104,2025-01-01,BR,694.03,1103.6100000000001,511.63,-102.04999999999984,Facebook_Alpha,Hybrid
1955,103,2025-01-20,NG,0.0,382.76,188.99,193.76999999999998,SEO_Blog_Casino,CPA
1956,106,2025-01-26,UK,227.24,48.89,8.12,-186.47,Bonus_Hunter_Site,RevShare
1957,103,2025-01-14,IN,479.03,0.0,708.41,-1187.44,SEO_Blog_Casino,CPA
1958,104,2025-01-26,NG,0.0,452.74,260.76,191.98000000000002,Facebook_Alpha,Hybrid
1959,102,2025-01-03,UK,526.19,151.07,0.0,-375.12000000000006,Twitch_Influencer,RevShare
1960,103,2025-01-09,NG,615.77,518.17,567.3,-664.9,SEO_Blog_Casino,CPA
1961,102,2025-01-21,NG,163.49,0.0,342.95,-506.44,Twitch_Influencer,RevShare
1962,105,2025-01-15,UK,945.3299999999999,782.24,0.0,-163.08999999999992,Telegram_Signals,CPA
1963,104,2025-01-23,IN,329.86,107.58,276.75,-499.03000000000003,Facebook_Alpha,Hybrid
1964,101,2025-01-08,BR,520.5600000000001,581.27,618.89,-558.1800000000001,Google_Ads,CPA
1965,106,2025-01-10,IN,0.0,9.33,0.0,9.33,Bonus_Hunter_Site,RevShare
1966,102,2025-01-21,IN,0.0,0.0,352.53,-352.53,Twitch_Influencer,RevShare
1967,103,2025-01-04,BR,195.94,588.81,0.0,392.86999999999995,SEO_Blog_Casino,CPA
1968,103,2025-01-04,UK,101.75,720.87,0.0,619.12,SEO_Blog_Casino,CPA
1969,103,2025-01-02,NG,901.84,40.0,900.6099999999999,-1762.4499999999998,SEO_Blog_Casino,CPA
1970,104,2025-01-16,NG,594.72,464.22,434.43,-564.9300000000001,Facebook_Alpha,Hybrid
1971,106,2025-01-03,IN,0.0,5.64,0.0,5.64,Bonus_Hunter_Site,RevShare
1972,105,2025-01-24,NG,0.0,255.37,0.0,255.37,Telegram_Signals,CPA
1973,104,2025-01-29,NG,562.5600000000001,0.0,469.88,-1032.44,Facebook_Alpha,Hybrid
1974,104,2025-01-06,UK,1573.71,495.55,330.7,-1408.8600000000001,Facebook_Alpha,Hybrid
1975,103,2025-01-17,NG,121.14,583.46,514.42,-52.09999999999992,SEO_Blog_Casino,CPA
1976,101,2025-01-08,UK,634.5,437.79999999999995,571.9300000000001,-768.6300000000001,Google_Ads,CPA
1977,104,2025-01-13,BR,34.66,1616.82,0.0,1582.1599999999999,Facebook_Alpha,Hybrid
1978,103,2025-01-20,IN,0.0,728.35,0.0,728.35,SEO_Blog_Casino,CPA
1979,104,2025-01-10,BR,1126.32,768.05,482.89,-841.16,Facebook_Alpha,Hybrid
1980,101,2025-01-12,IN,870.91,827.12,418.16,-461.95,Google_Ads,CPA
1981,101,2025-01-18,BR,142.85,929.5699999999999,556.12,230.59999999999994,Google_Ads,CPA
1982,103,2025-01-09,NG,0.0,50.05,264.49,-214.44,SEO_Blog_Casino,CPA
1983,101,2025-01-10,NG,287.74,0.0,1023.49,-1311.23,Google_Ads,CPA
1984,101,2025-01-22,NG,176.48,1626.85,1018.91,431.4599999999999,Google_Ads,CPA
1985,101,2025-01-31,BR,379.96,308.07000000000005,496.59,-568.4799999999999,Google_Ads,CPA
1986,104,2025-01-16,UK,41.0,0.0,218.02,-259.02,Facebook_Alpha,Hybrid
1987,101,2025-01-18,BR,0.0,0.0,447.59,-447.59,Google_Ads,CPA
1988,102,2025-01-28,BR,317.44,0.0,286.48,-603.9200000000001,Twitch_Influencer,RevShare
1989,103,2025-01-14,IN,632.25,98.99,484.88,-1018.14,SEO_Blog_Casino,CPA
1990,104,2025-01-30,NG,760.5,49.26,559.39,-1270.63,Facebook_Alpha,Hybrid
1991,102,2025-01-22,UK,1681.3,119.28999999999999,1048.25,-2610.26,Twitch_Influencer,RevShare
1992,104,2025-01-15,NG,0.0,72.46,0.0,72.46,Facebook_Alpha,Hybrid
1993,103,2025-01-07,NG,847.71,0.0,552.04,-1399.75,SEO_Blog_Casino,CPA
1994,104,2025-01-13,IN,1267.39,479.93999999999994,866.31,-1653.7600000000002,Facebook_Alpha,Hybrid
1995,106,2025-01-27,IN,0.0,0.0,13.07,-13.07,Bonus_Hunter_Site,RevShare
1996,104,2025-01-09,NG,0.0,329.17,0.0,329.17,Facebook_Alpha,Hybrid
1997,106,2025-01-02,BR,225.51999999999998,7.83,23.53,-241.21999999999997,Bonus_Hunter_Site,RevShare
1998,103,2025-01-26,UK,678.44,207.08,1599.93,-2071.29,SEO_Blog_Casino,CPA
1999,101,2025-01-15,UK,143.78,0.0,0.0,-143.78,Google_Ads,CPA
