player_id,affiliate_id,reg_date,country
1000,105,2025-01-30,UK
1001,102,2025-01-12,IN
1002,102,2025-01-10,IN
1003,102,2025-01-26,NG
1004,105,2025-01-31,UK
1005,101,2025-01-16,BR
1006,106,2025-01-31,NG
1007,103,2025-01-05,NG
1008,106,2025-01-20,IN
1009,105,2025-01-12,UK
1010,104,2025-01-28,BR
1011,102,2025-01-05,NG
1012,106,2025-01-30,BR
1013,105,2025-01-29,BR
1014,106,2025-01-14,NG
1015,104,2025-01-09,BR
1016,103,2025-01-01,UK
1017,106,2025-01-06,NG
1018,101,2025-01-01,BR
1019,104,2025-01-07,UK
1020,102,2025-01-18,UK
1021,105,2025-01-15,UK
1022,101,2025-01-14,IN
1023,106,2025-01-26,IN
1024,106,2025-01-29,NG
1025,102,2025-01-08,IN
1026,103,2025-01-04,UK
1027,102,2025-01-04,BR
1028,101,2025-01-01,IN
1029,106,2025-01-27,NG
1030,103,2025-01-02,NG
1031,105,2025-01-15,BR
1032,102,2025-01-28,NG
1033,105,2025-01-29,BR
1034,103,2025-01-15,UK
1035,106,2025-01-24,IN
1036,101,2025-01-30,BR
1037,101,2025-01-09,UK
1038,106,2025-01-24,BR
1039,101,2025-01-05,UK
1040,106,2025-01-09,IN
1041,104,2025-01-21,IN
1042,106,2025-01-31,UK
1043,101,2025-01-26,NG
1044,105,2025-01-15,NG
1045,102,2025-01-29,IN
1046,101,2025-01-31,NG
1047,106,2025-01-19,UK
1048,104,2025-01-19,NG
1049,104,2025-01-18,UK
1050,104,2025-01-21,BR
1051,102,2025-01-24,NG
1052,105,2025-01-13,NG
1053,102,2025-01-13,BR
1054,106,2025-01-13,NG
1055,103,2025-01-18,UK
1056,105,2025-01-15,UK
1057,101,2025-01-06,BR
1058,106,2025-01-05,BR
1059,106,2025-01-13,BR
1060,101,2025-01-23,BR
1061,104,2025-01-22,NG
1062,103,2025-01-26,UK
1063,101,2025-01-28,IN
1064,102,2025-01-07,NG
1065,104,2025-01-28,BR
1066,106,2025-01-12,NG
1067,102,2025-01-13,NG
1068,103,2025-01-24,NG
1069,102,2025-01-03,IN
1070,102,2025-01-09,IN
1071,105,2025-01-15,NG
1072,105,2025-01-18,IN
1073,103,2025-01-05,IN
1074,105,2025-01-10,NG
1075,106,2025-01-15,IN
1076,103,2025-01-10,BR
1077,102,2025-01-24,BR
1078,101,2025-01-25,IN
1079,102,2025-01-23,UK
1080,102,2025-01-05,BR
1081,106,2025-01-20,IN
1082,105,2025-01-15,BR
1083,102,2025-01-19,BR
1084,103,2025-01-13,UK
1085,103,2025-01-02,IN
1086,106,2025-01-02,UK
1087,106,2025-01-19,IN
1088,102,2025-01-07,BR
1089,104,2025-01-11,IN
1090,106,2025-01-19,IN
1091,104,2025-01-27,NG
1092,104,2025-01-14,NG
1093,102,2025-01-06,NG
1094,104,2025-01-19,NG
1095,105,2025-01-17,IN
1096,105,2025-01-27,NG
1097,105,2025-01-22,IN
1098,101,2025-01-24,NG
1099,101,2025-01-04,BR
1100,104,2025-01-27,BR
1101,105,2025-01-02,IN
1102,104,2025-01-23,IN
1103,101,2025-01-13,IN
1104,104,2025-01-28,UK
1105,103,2025-01-26,BR
1106,105,2025-01-03,IN
1107,101,2025-01-18,NG
1108,104,2025-01-31,IN
1109,105,2025-01-15,UK
1110,105,2025-01-15,IN
1111,105,2025-01-15,BR
1112,101,2025-01-19,NG
1113,102,2025-01-19,NG
1114,103,2025-01-24,NG
1115,105,2025-01-03,IN
1116,106,2025-01-29,NG
1117,104,2025-01-10,UK
1118,103,2025-01-20,BR
1119,105,2025-01-03,IN
1120,101,2025-01-06,UK
1121,106,2025-01-10,NG
1122,101,2025-01-22,IN
1123,102,2025-01-10,UK
1124,104,2025-01-25,IN
1125,104,2025-01-20,UK
1126,104,2025-01-28,BR
1127,104,2025-01-30,IN
1128,103,2025-01-11,UK
1129,103,2025-01-28,IN
1130,106,2025-01-24,BR
1131,106,2025-01-21,NG
1132,104,2025-01-29,NG
1133,106,2025-01-22,IN
1134,105,2025-01-08,IN
1135,104,2025-01-29,UK
1136,105,2025-01-14,IN
1137,102,2025-01-13,UK
1138,106,2025-01-19,BR
1139,104,2025-01-26,UK
1140,103,2025-01-02,NG
1141,101,2025-01-30,BR
1142,106,2025-01-12,IN
1143,105,2025-01-15,NG
1144,101,2025-01-02,UK
1145,101,2025-01-08,UK
1146,104,2025-01-21,NG
1147,102,2025-01-04,UK
1148,103,2025-01-17,IN
1149,106,2025-01-17,IN
1150,105,2025-01-15,NG
1151,104,2025-01-09,NG
1152,101,2025-01-25,NG
1153,101,2025-01-13,UK
1154,104,2025-01-03,UK
1155,102,2025-01-06,UK
1156,102,2025-01-23,BR
1157,102,2025-01-02,UK
1158,104,2025-01-20,UK
1159,102,2025-01-16,IN
1160,105,2025-01-15,IN
1161,104,2025-01-17,BR
1162,104,2025-01-18,NG
1163,101,2025-01-05,IN
1164,105,2025-01-15,IN
1165,106,2025-01-02,BR
1166,103,2025-01-24,UK
1167,104,2025-01-30,BR
1168,101,2025-01-10,IN
1169,103,2025-01-14,UK
1170,106,2025-01-05,IN
1171,104,2025-01-13,BR
1172,106,2025-01-29,IN
1173,106,2025-01-07,NG
1174,102,2025-01-21,BR
1175,104,2025-01-24,BR
1176,103,2025-01-04,UK
1177,105,2025-01-15,IN
1178,104,2025-01-12,IN
1179,102,2025-01-23,UK
1180,105,2025-01-15,IN
1181,103,2025-01-20,NG
1182,103,2025-01-06,NG
1183,106,2025-01-26,IN
1184,102,2025-01-27,NG
1185,102,2025-01-07,BR
1186,105,2025-01-15,BR
1187,101,2025-01-03,NG
1188,105,2025-01-16,NG
1189,102,2025-01-14,NG
1190,101,2025-01-22,IN
1191,102,2025-01-24,IN
1192,104,2025-01-11,NG
1193,102,2025-01-26,IN
1194,102,2025-01-22,BR
1195,102,2025-01-30,BR
1196,103,2025-01-18,UK
1197,103,2025-01-28,IN
1198,105,2025-01-15,UK
1199,103,2025-01-05,IN
1200,101,2025-01-01,BR
1201,103,2025-01-24,BR
1202,102,2025-01-20,NG
1203,104,2025-01-09,BR
1204,105,2025-01-15,NG
1205,101,2025-01-04,NG
1206,106,2025-01-04,NG
1207,102,2025-01-04,BR
1208,105,2025-01-01,UK
1209,101,2025-01-29,IN
1210,101,2025-01-24,BR
1211,105,2025-01-06,UK
1212,103,2025-01-09,IN
1213,102,2025-01-11,NG
1214,105,2025-01-13,NG
1215,102,2025-01-05,NG
1216,103,2025-01-18,NG
1217,102,2025-01-06,BR
1218,104,2025-01-09,BR
1219,101,2025-01-04,UK
1220,106,2025-01-10,BR
1221,106,2025-01-14,UK
1222,101,2025-01-27,IN
1223,105,2025-01-30,BR
1224,102,2025-01-01,NG
1225,101,2025-01-16,BR
1226,103,2025-01-25,BR
1227,105,2025-01-06,BR
1228,102,2025-01-15,UK
1229,106,2025-01-13,NG
1230,105,2025-01-15,BR
1231,101,2025-01-08,UK
1232,101,2025-01-10,UK
1233,105,2025-01-15,IN
1234,106,2025-01-09,IN
1235,106,2025-01-07,BR
1236,106,2025-01-25,UK
1237,104,2025-01-31,UK
1238,105,2025-01-15,NG
1239,101,2025-01-21,NG
1240,102,2025-01-23,NG
1241,102,2025-01-26,UK
1242,105,2025-01-27,BR
1243,105,2025-01-15,UK
1244,102,2025-01-02,UK
1245,104,2025-01-06,IN
1246,105,2025-01-02,IN
1247,103,2025-01-15,NG
1248,105,2025-01-14,BR
1249,104,2025-01-03,UK
1250,104,2025-01-20,IN
1251,102,2025-01-23,IN
1252,103,2025-01-26,UK
1253,103,2025-01-28,BR
1254,106,2025-01-21,NG
1255,103,2025-01-30,UK
1256,101,2025-01-16,NG
1257,101,2025-01-29,BR
1258,104,2025-01-14,UK
1259,103,2025-01-23,IN
1260,104,2025-01-16,BR
1261,105,2025-01-15,IN
1262,104,2025-01-05,IN
1263,104,2025-01-13,IN
1264,104,2025-01-13,IN
1265,103,2025-01-29,NG
1266,104,2025-01-30,IN
1267,103,2025-01-04,UK
1268,103,2025-01-26,IN
1269,101,2025-01-03,UK
1270,102,2025-01-03,NG
1271,102,2025-01-02,UK
1272,102,2025-01-25,UK
1273,104,2025-01-10,BR
1274,102,2025-01-31,BR
1275,106,2025-01-10,BR
1276,102,2025-01-07,UK
1277,106,2025-01-16,UK
1278,105,2025-01-15,NG
1279,106,2025-01-21,UK
1280,101,2025-01-12,UK
1281,104,2025-01-21,UK
1282,105,2025-01-15,IN
1283,101,2025-01-21,NG
1284,105,2025-01-09,NG
1285,102,2025-01-15,UK
1286,105,2025-01-15,BR
1287,105,2025-01-15,UK
1288,105,2025-01-15,NG
1289,105,2025-01-15,UK
1290,104,2025-01-21,IN
1291,102,2025-01-23,IN
1292,105,2025-01-15,UK
1293,106,2025-01-24,NG
1294,106,2025-01-25,IN
1295,105,2025-01-15,UK
1296,101,2025-01-29,NG
1297,106,2025-01-17,IN
1298,102,2025-01-27,IN
1299,104,2025-01-18,BR
1300,106,2025-01-17,NG
1301,104,2025-01-03,BR
1302,101,2025-01-03,NG
1303,105,2025-01-15,IN
1304,101,2025-01-09,IN
1305,102,2025-01-28,UK
1306,105,2025-01-10,UK
1307,104,2025-01-09,IN
1308,106,2025-01-05,BR
1309,101,2025-01-27,NG
1310,103,2025-01-13,UK
1311,104,2025-01-12,IN
1312,102,2025-01-14,BR
1313,105,2025-01-15,IN
1314,106,2025-01-22,UK
1315,104,2025-01-20,NG
1316,104,2025-01-11,NG
1317,105,2025-01-15,NG
1318,106,2025-01-12,BR
1319,106,2025-01-29,BR
1320,103,2025-01-20,BR
1321,104,2025-01-19,NG
1322,104,2025-01-26,UK
1323,103,2025-01-15,NG
1324,101,2025-01-31,UK
1325,104,2025-01-18,BR
1326,102,2025-01-22,BR
1327,105,2025-01-15,UK
1328,102,2025-01-16,UK
1329,105,2025-01-15,IN
1330,101,2025-01-01,BR
1331,105,2025-01-15,IN
1332,101,2025-01-31,NG
1333,103,2025-01-15,IN
1334,105,2025-01-19,NG
1335,101,2025-01-19,NG
1336,102,2025-01-03,UK
1337,105,2025-01-23,BR
1338,105,2025-01-15,NG
1339,105,2025-01-15,NG
1340,103,2025-01-05,BR
1341,105,2025-01-26,IN
1342,103,2025-01-04,NG
1343,101,2025-01-09,BR
1344,106,2025-01-14,NG
1345,105,2025-01-15,UK
1346,104,2025-01-14,UK
1347,102,2025-01-21,UK
1348,102,2025-01-27,NG
1349,103,2025-01-16,NG
1350,104,2025-01-30,UK
1351,105,2025-01-15,BR
1352,102,2025-01-29,IN
1353,105,2025-01-30,IN
1354,104,2025-01-24,NG
1355,101,2025-01-27,IN
1356,104,2025-01-15,NG
1357,102,2025-01-19,UK
1358,105,2025-01-26,BR
1359,103,2025-01-11,IN
1360,103,2025-01-08,UK
1361,101,2025-01-11,BR
1362,102,2025-01-01,BR
1363,103,2025-01-12,UK
1364,102,2025-01-21,BR
1365,101,2025-01-10,BR
1366,105,2025-01-15,NG
1367,106,2025-01-15,NG
1368,106,2025-01-25,BR
1369,101,2025-01-15,BR
1370,106,2025-01-29,BR
1371,103,2025-01-20,UK
1372,103,2025-01-17,NG
1373,102,2025-01-05,IN
1374,101,2025-01-13,NG
1375,101,2025-01-31,BR
1376,101,2025-01-13,NG
1377,105,2025-01-15,NG
1378,101,2025-01-15,NG
1379,104,2025-01-25,IN
1380,103,2025-01-15,IN
1381,106,2025-01-23,NG
1382,105,2025-01-17,IN
1383,101,2025-01-08,IN
1384,105,2025-01-17,IN
1385,105,2025-01-06,IN
1386,103,2025-01-12,UK
1387,101,2025-01-23,NG
1388,105,2025-01-13,IN
1389,104,2025-01-13,UK
1390,103,2025-01-26,NG
1391,106,2025-01-26,NG
1392,104,2025-01-02,IN
1393,106,2025-01-07,NG
1394,101,2025-01-29,UK
1395,103,2025-01-30,IN
1396,106,2025-01-02,IN
1397,106,2025-01-17,UK
1398,105,2025-01-15,NG
1399,105,2025-01-19,NG
1400,106,2025-01-27,BR
1401,103,2025-01-11,UK
1402,105,2025-01-15,BR
1403,102,2025-01-11,IN
1404,106,2025-01-23,BR
1405,104,2025-01-12,UK
1406,102,2025-01-10,BR
1407,103,2025-01-26,NG
1408,102,2025-01-13,NG
1409,106,2025-01-18,IN
1410,103,2025-01-03,BR
1411,106,2025-01-20,IN
1412,106,2025-01-11,IN
1413,103,2025-01-12,NG
1414,101,2025-01-30,UK
1415,101,2025-01-23,NG
1416,104,2025-01-08,BR
1417,102,2025-01-21,UK
1418,105,2025-01-19,BR
1419,101,2025-01-29,NG
1420,104,2025-01-25,BR
1421,105,2025-01-15,NG
1422,104,2025-01-14,BR
1423,105,2025-01-20,BR
1424,101,2025-01-10,IN
1425,106,2025-01-06,NG
1426,101,2025-01-19,BR
1427,105,2025-01-15,IN
1428,102,2025-01-04,BR
1429,101,2025-01-27,NG
1430,106,2025-01-28,IN
1431,104,2025-01-06,NG
1432,101,2025-01-22,UK
1433,106,2025-01-09,BR
1434,104,2025-01-19,NG
1435,104,2025-01-02,UK
1436,102,2025-01-06,NG
1437,103,2025-01-16,IN
1438,105,2025-01-18,NG
1439,103,2025-01-08,IN
1440,102,2025-01-08,NG
1441,106,2025-01-09,IN
1442,106,2025-01-29,UK
1443,106,2025-01-06,IN
1444,106,2025-01-27,UK
1445,102,2025-01-21,IN
1446,103,2025-01-17,BR
1447,101,2025-01-30,NG
1448,106,2025-01-11,NG
1449,104,2025-01-04,UK
1450,101,2025-01-20,BR
1451,105,2025-01-03,BR
1452,101,2025-01-03,BR
1453,102,2025-01-17,IN
1454,103,2025-01-30,NG
1455,104,2025-01-07,NG
1456,102,2025-01-02,IN
1457,105,2025-01-07,NG
1458,102,2025-01-10,IN
1459,105,2025-01-19,BR
1460,106,2025-01-02,UK
1461,104,2025-01-09,IN
1462,104,2025-01-04,UK
1463,103,2025-01-31,UK
1464,104,2025-01-25,NG
1465,104,2025-01-16,IN
1466,101,2025-01-12,BR
1467,101,2025-01-27,BR
1468,106,2025-01-12,BR
1469,102,2025-01-30,UK
1470,102,2025-01-14,UK
1471,106,2025-01-04,NG
1472,101,2025-01-26,IN
1473,106,2025-01-30,IN
1474,102,2025-01-08,BR
1475,101,2025-01-06,NG
1476,102,2025-01-01,IN
1477,104,2025-01-21,BR
1478,104,2025-01-15,BR
1479,101,2025-01-25,BR
1480,103,2025-01-16,BR
1481,106,2025-01-15,BR
1482,104,2025-01-31,NG
1483,106,2025-01-14,UK
1484,106,2025-01-24,IN
1485,105,2025-01-15,BR
1486,105,2025-01-18,IN
1487,102,2025-01-05,IN
1488,105,2025-01-31,UK
1489,102,2025-01-28,NG
1490,101,2025-01-25,BR
1491,106,2025-01-13,BR
1492,101,2025-01-24,NG
1493,105,2025-01-15,BR
1494,104,2025-01-07,IN
1495,101,2025-01-02,BR
1496,104,2025-01-01,NG
1497,103,2025-01-13,BR
1498,104,2025-01-15,BR
1499,104,2025-01-12,UK
1500,102,2025-01-20,NG
1501,106,2025-01-05,IN
1502,103,2025-01-09,UK
1503,106,2025-01-19,NG
1504,102,2025-01-25,UK
1505,103,2025-01-24,UK
1506,105,2025-01-23,NG
1507,106,2025-01-17,UK
1508,106,2025-01-18,IN
1509,105,2025-01-15,NG
1510,103,2025-01-02,UK
1511,103,2025-01-09,IN
1512,104,2025-01-29,UK
1513,104,2025-01-07,IN
1514,105,2025-01-15,UK
1515,101,2025-01-07,IN
1516,104,2025-01-04,NG
1517,102,2025-01-12,UK
1518,101,2025-01-05,UK
1519,106,2025-01-10,NG
1520,103,2025-01-27,UK
1521,101,2025-01-10,BR
1522,102,2025-01-14,IN
1523,106,2025-01-05,NG
1524,105,2025-01-15,UK
1525,103,2025-01-20,IN
1526,106,2025-01-19,IN
1527,102,2025-01-26,BR
1528,105,2025-01-14,NG
1529,104,2025-01-11,UK
1530,105,2025-01-16,BR
1531,103,2025-01-03,NG
1532,101,2025-01-10,UK
1533,102,2025-01-14,UK
1534,104,2025-01-14,NG
1535,102,2025-01-25,BR
1536,106,2025-01-09,BR
1537,101,2025-01-12,BR
1538,103,2025-01-02,NG
1539,101,2025-01-06,NG
1540,105,2025-01-15,BR
1541,102,2025-01-10,UK
1542,104,2025-01-13,IN
1543,104,2025-01-29,IN
1544,102,2025-01-31,UK
1545,103,2025-01-02,IN
1546,106,2025-01-17,NG
1547,102,2025-01-10,BR
1548,101,2025-01-17,IN
1549,104,2025-01-22,UK
1550,106,2025-01-01,NG
1551,103,2025-01-12,NG
1552,103,2025-01-09,NG
1553,105,2025-01-15,IN
1554,103,2025-01-03,IN
1555,106,2025-01-17,IN
1556,105,2025-01-03,BR
1557,105,2025-01-15,UK
1558,103,2025-01-23,UK
1559,103,2025-01-06,IN
1560,102,2025-01-08,IN
1561,104,2025-01-03,BR
1562,102,2025-01-05,IN
1563,102,2025-01-05,BR
1564,104,2025-01-30,BR
1565,101,2025-01-24,BR
1566,101,2025-01-22,BR
1567,104,2025-01-25,NG
1568,106,2025-01-10,BR
1569,104,2025-01-02,BR
1570,104,2025-01-20,BR
1571,105,2025-01-15,NG
1572,104,2025-01-10,UK
1573,105,2025-01-15,UK
1574,101,2025-01-27,UK
1575,104,2025-01-02,NG
1576,102,2025-01-30,IN
1577,104,2025-01-20,NG
1578,101,2025-01-18,UK
1579,101,2025-01-23,BR
1580,101,2025-01-03,NG
1581,106,2025-01-04,IN
1582,103,2025-01-27,BR
1583,101,2025-01-10,BR
1584,104,2025-01-28,UK
1585,105,2025-01-15,IN
1586,104,2025-01-01,UK
1587,101,2025-01-04,UK
1588,104,2025-01-22,IN
1589,103,2025-01-22,BR
1590,103,2025-01-24,UK
1591,103,2025-01-05,BR
1592,101,2025-01-31,BR
1593,104,2025-01-04,NG
1594,104,2025-01-19,NG
1595,101,2025-01-17,UK
1596,103,2025-01-23,NG
1597,102,2025-01-15,IN
1598,103,2025-01-02,NG
1599,106,2025-01-08,UK
1600,103,2025-01-21,NG
1601,103,2025-01-05,BR
1602,102,2025-01-14,BR
1603,105,2025-01-11,UK
1604,105,2025-01-15,IN
1605,102,2025-01-04,IN
1606,103,2025-01-09,UK
1607,102,2025-01-31,IN
1608,106,2025-01-31,NG
1609,102,2025-01-10,BR
1610,106,2025-01-19,IN
1611,104,2025-01-27,IN
1612,101,2025-01-13,BR
1613,103,2025-01-03,NG
1614,102,2025-01-10,NG
1615,103,2025-01-27,BR
1616,105,2025-01-31,NG
1617,105,2025-01-07,IN
1618,102,2025-01-19,BR
1619,105,2025-01-31,NG
1620,102,2025-01-10,NG
1621,101,2025-01-22,NG
1622,103,2025-01-27,UK
1623,104,2025-01-01,BR
1624,105,2025-01-15,IN
1625,106,2025-01-10,UK
1626,102,2025-01-05,IN
1627,103,2025-01-05,IN
1628,104,2025-01-24,UK
1629,104,2025-01-02,NG
1630,102,2025-01-13,UK
1631,101,2025-01-13,IN
1632,101,2025-01-04,UK
1633,102,2025-01-31,NG
1634,105,2025-01-15,UK
1635,104,2025-01-01,BR
1636,101,2025-01-01,IN
1637,104,2025-01-04,IN
1638,105,2025-01-15,IN
1639,104,2025-01-15,NG
1640,106,2025-01-06,NG
1641,106,2025-01-10,UK
1642,105,2025-01-15,IN
1643,101,2025-01-26,UK
1644,103,2025-01-21,IN
1645,105,2025-01-15,BR
1646,104,2025-01-22,UK
1647,103,2025-01-21,UK
1648,103,2025-01-24,NG
1649,106,2025-01-10,NG
1650,104,2025-01-19,NG
1651,106,2025-01-25,IN
1652,102,2025-01-27,UK
1653,104,2025-01-28,BR
1654,103,2025-01-24,IN
1655,106,2025-01-02,UK
1656,104,2025-01-02,NG
1657,103,2025-01-30,UK
1658,102,2025-01-09,UK
1659,103,2025-01-04,IN
1660,102,2025-01-11,UK
1661,101,2025-01-29,NG
1662,101,2025-01-05,IN
1663,106,2025-01-29,UK
1664,105,2025-01-02,UK
1665,104,2025-01-23,IN
1666,104,2025-01-30,BR
1667,103,2025-01-18,IN
1668,106,2025-01-06,UK
1669,101,2025-01-05,UK
1670,105,2025-01-15,NG
1671,104,2025-01-11,IN
1672,102,2025-01-22,NG
1673,103,2025-01-13,IN
1674,104,2025-01-23,IN
1675,105,2025-01-15,NG
1676,105,2025-01-21,BR
1677,105,2025-01-15,BR
1678,106,2025-01-21,IN
1679,101,2025-01-19,IN
1680,106,2025-01-16,IN
1681,105,2025-01-15,IN
1682,106,2025-01-16,NG
1683,101,2025-01-11,NG
1684,106,2025-01-23,NG
1685,106,2025-01-18,BR
1686,103,2025-01-19,UK
1687,101,2025-01-18,NG
1688,106,2025-01-26,IN
1689,106,2025-01-05,UK
1690,106,2025-01-23,BR
1691,104,2025-01-10,IN
1692,101,2025-01-23,BR
1693,103,2025-01-23,BR
1694,105,2025-01-12,IN
1695,103,2025-01-29,BR
1696,104,2025-01-19,NG
1697,104,2025-01-11,UK
1698,104,2025-01-23,BR
1699,104,2025-01-30,UK
1700,105,2025-01-15,IN
1701,102,2025-01-27,NG
1702,103,2025-01-16,IN
1703,103,2025-01-24,UK
1704,103,2025-01-08,BR
1705,106,2025-01-07,UK
1706,102,2025-01-18,NG
1707,101,2025-01-16,UK
1708,106,2025-01-04,BR
1709,106,2025-01-23,UK
1710,105,2025-01-15,IN
1711,101,2025-01-18,NG
1712,102,2025-01-29,NG
1713,102,2025-01-01,BR
1714,104,2025-01-16,NG
1715,103,2025-01-13,IN
1716,106,2025-01-21,UK
1717,102,2025-01-05,IN
1718,101,2025-01-25,IN
1719,101,2025-01-11,IN
1720,105,2025-01-15,IN
1721,102,2025-01-08,NG
1722,103,2025-01-12,NG
1723,105,2025-01-15,IN
1724,104,2025-01-27,IN
1725,103,2025-01-12,NG
1726,106,2025-01-23,NG
1727,106,2025-01-19,IN
1728,104,2025-01-18,IN
1729,103,2025-01-04,BR
1730,104,2025-01-16,UK
1731,102,2025-01-03,BR
1732,104,2025-01-20,IN
1733,101,2025-01-23,UK
1734,104,2025-01-01,UK
1735,105,2025-01-31,NG
1736,105,2025-01-15,BR
1737,102,2025-01-23,IN
1738,102,2025-01-18,IN
1739,103,2025-01-01,NG
1740,102,2025-01-17,NG
1741,103,2025-01-05,IN
1742,101,2025-01-26,UK
1743,102,2025-01-09,IN
1744,102,2025-01-14,UK
1745,103,2025-01-09,NG
1746,102,2025-01-10,NG
1747,104,2025-01-26,UK
1748,106,2025-01-23,UK
1749,105,2025-01-15,NG
1750,103,2025-01-24,NG
1751,106,2025-01-21,NG
1752,104,2025-01-21,BR
1753,104,2025-01-06,UK
1754,102,2025-01-26,NG
1755,106,2025-01-25,IN
1756,101,2025-01-16,BR
1757,103,2025-01-15,UK
1758,103,2025-01-21,NG
1759,106,2025-01-03,NG
1760,105,2025-01-15,BR
1761,101,2025-01-21,BR
1762,101,2025-01-16,UK
1763,104,2025-01-05,UK
1764,105,2025-01-15,BR
1765,105,2025-01-15,BR
1766,105,2025-01-15,NG
1767,103,2025-01-03,IN
1768,105,2025-01-15,UK
1769,102,2025-01-31,NG
1770,103,2025-01-04,UK
1771,105,2025-01-28,NG
1772,106,2025-01-15,UK
1773,103,2025-01-17,BR
1774,102,2025-01-03,UK
1775,106,2025-01-11,IN
1776,102,2025-01-01,IN
1777,105,2025-01-12,BR
1778,102,2025-01-01,IN
1779,101,2025-01-22,IN
1780,103,2025-01-09,BR
1781,102,2025-01-19,BR
1782,102,2025-01-01,NG
1783,102,2025-01-21,BR
1784,104,2025-01-03,IN
1785,101,2025-01-29,BR
1786,103,2025-01-02,BR
1787,103,2025-01-21,BR
1788,106,2025-01-03,IN
1789,103,2025-01-04,UK
1790,102,2025-01-14,IN
1791,103,2025-01-27,BR
1792,101,2025-01-09,IN
1793,102,2025-01-10,IN
1794,101,2025-01-07,NG
1795,104,2025-01-16,NG
1796,105,2025-01-15,IN
1797,106,2025-01-24,UK
1798,104,2025-01-19,UK
1799,106,2025-01-26,NG
1800,106,2025-01-10,UK
1801,105,2025-01-15,BR
1802,102,2025-01-17,BR
1803,104,2025-01-10,NG
1804,104,2025-01-02,UK
1805,106,2025-01-06,NG
1806,101,2025-01-29,UK
1807,105,2025-01-26,NG
1808,105,2025-01-15,IN
1809,102,2025-01-28,IN
1810,104,2025-01-26,UK
1811,103,2025-01-15,UK
1812,105,2025-01-15,NG
1813,104,2025-01-13,NG
1814,103,2025-01-02,BR
1815,105,2025-01-19,NG
1816,106,2025-01-11,BR
1817,105,2025-01-09,NG
1818,102,2025-01-16,BR
1819,103,2025-01-01,BR
1820,105,2025-01-15,BR
1821,105,2025-01-15,IN
1822,102,2025-01-10,BR
1823,103,2025-01-31,NG
1824,106,2025-01-14,IN
1825,104,2025-01-21,NG
1826,102,2025-01-15,IN
1827,104,2025-01-04,BR
1828,102,2025-01-30,NG
1829,106,2025-01-14,IN
1830,101,2025-01-28,BR
1831,101,2025-01-01,NG
1832,101,2025-01-10,NG
1833,105,2025-01-10,BR
1834,103,2025-01-17,NG
1835,105,2025-01-04,NG
1836,105,2025-01-28,BR
1837,105,2025-01-15,UK
1838,106,2025-01-05,NG
1839,105,2025-01-06,BR
1840,101,2025-01-29,BR
1841,104,2025-01-13,NG
1842,106,2025-01-09,NG
1843,103,2025-01-03,UK
1844,101,2025-01-11,NG
1845,106,2025-01-31,NG
1846,103,2025-01-08,BR
1847,101,2025-01-20,BR
1848,102,2025-01-27,IN
1849,106,2025-01-12,NG
1850,101,2025-01-03,NG
1851,101,2025-01-29,UK
1852,101,2025-01-22,NG
1853,104,2025-01-12,UK
1854,103,2025-01-05,BR
1855,102,2025-01-05,NG
1856,102,2025-01-17,IN
1857,104,2025-01-30,UK
1858,103,2025-01-16,UK
1859,102,2025-01-25,NG
1860,104,2025-01-28,BR
1861,104,2025-01-01,UK
1862,101,2025-01-15,IN
1863,104,2025-01-07,IN
1864,104,2025-01-22,BR
1865,104,2025-01-28,IN
1866,104,2025-01-28,UK
1867,106,2025-01-04,IN
1868,102,2025-01-18,BR
1869,105,2025-01-13,IN
1870,101,2025-01-03,NG
1871,103,2025-01-30,BR
1872,106,2025-01-24,IN
1873,101,2025-01-20,IN
1874,101,2025-01-10,UK
1875,104,2025-01-03,BR
1876,103,2025-01-05,IN
1877,106,2025-01-13,UK
1878,103,2025-01-16,UK
1879,104,2025-01-23,IN
1880,102,2025-01-14,UK
1881,106,2025-01-24,UK
1882,105,2025-01-24,IN
1883,103,2025-01-23,BR
1884,103,2025-01-25,BR
1885,106,2025-01-01,NG
1886,106,2025-01-01,UK
1887,103,2025-01-24,NG
1888,105,2025-01-24,BR
1889,105,2025-01-15,IN
1890,105,2025-01-29,NG
1891,103,2025-01-18,IN
1892,104,2025-01-15,IN
1893,106,2025-01-12,IN
1894,106,2025-01-01,IN
1895,103,2025-01-01,BR
1896,105,2025-01-25,UK
1897,105,2025-01-15,NG
1898,102,2025-01-03,UK
1899,105,2025-01-15,IN
1900,104,2025-01-20,IN
1901,101,2025-01-14,BR
1902,104,2025-01-15,UK
1903,102,2025-01-11,BR
1904,102,2025-01-01,BR
1905,105,2025-01-06,UK
1906,105,2025-01-18,BR
1907,103,2025-01-12,UK
1908,102,2025-01-09,IN
1909,103,2025-01-31,NG
1910,101,2025-01-20,IN
1911,101,2025-01-31,BR
1912,102,2025-01-12,BR
1913,102,2025-01-03,IN
1914,101,2025-01-05,BR
1915,104,2025-01-11,NG
1916,102,2025-01-20,UK
1917,104,2025-01-24,BR
1918,105,2025-01-15,UK
1919,105,2025-01-25,BR
1920,106,2025-01-23,IN
1921,101,2025-01-15,UK
1922,103,2025-01-12,BR
1923,102,2025-01-21,IN
1924,106,2025-01-16,NG
1925,104,2025-01-09,UK
1926,103,2025-01-12,NG
1927,103,2025-01-27,UK
1928,104,2025-01-27,UK
1929,104,2025-01-06,NG
1930,101,2025-01-01,NG
1931,101,2025-01-13,BR
1932,106,2025-01-17,BR
1933,101,2025-01-21,IN
1934,105,2025-01-02,NG
1935,106,2025-01-06,UK
1936,105,2025-01-17,IN
1937,101,2025-01-21,IN
1938,106,2025-01-27,IN
1939,102,2025-01-10,BR
1940,102,2025-01-30,UK
1941,105,2025-01-30,BR
1942,103,2025-01-09,NG
1943,104,2025-01-28,IN
1944,104,2025-01-17,UK
1945,101,2025-01-18,BR
1946,104,2025-01-07,UK
1947,103,2025-01-15,UK
1948,103,2025-01-05,BR
1949,103,2025-01-30,IN
1950,106,2025-01-10,IN
1951,102,2025-01-27,IN
1952,106,2025-01-21,IN
1953,101,2025-01-04,UK
1954,104,2025-01-01,BR
1955,103,2025-01-20,NG
1956,106,2025-01-26,UK
1957,103,2025-01-14,IN
1958,104,2025-01-26,NG
1959,102,2025-01-03,UK
1960,103,2025-01-09,NG
1961,102,2025-01-21,NG
1962,105,2025-01-15,UK
1963,104,2025-01-23,IN
1964,101,2025-01-08,BR
1965,106,2025-01-10,IN
1966,102,2025-01-21,IN
1967,103,2025-01-04,BR
1968,103,2025-01-04,UK
1969,103,2025-01-02,NG
1970,104,2025-01-16,NG
1971,106,2025-01-03,IN
1972,105,2025-01-24,NG
1973,104,2025-01-29,NG
1974,104,2025-01-06,UK
1975,103,2025-01-17,NG
1976,101,2025-01-08,UK
1977,104,2025-01-13,BR
1978,103,2025-01-20,IN
1979,104,2025-01-10,BR
1980,101,2025-01-12,IN
1981,101,2025-01-18,BR
1982,103,2025-01-09,NG
1983,101,2025-01-10,NG
1984,101,2025-01-22,NG
1985,101,2025-01-31,BR
1986,104,2025-01-16,UK
1987,101,2025-01-18,BR
1988,102,2025-01-28,BR
1989,103,2025-01-14,IN
1990,104,2025-01-30,NG
1991,102,2025-01-22,UK
1992,104,2025-01-15,NG
1993,103,2025-01-07,NG
1994,104,2025-01-13,IN
1995,106,2025-01-27,IN
1996,104,2025-01-09,NG
1997,106,2025-01-02,BR
1998,103,2025-01-26,UK
1999,101,2025-01-15,UK
